P9700,ACT
P4533,ACT
P6113,ACT
P8027,ACT
P7803,ACT
P6076,ACT
P3710,ACT
P2208,ACT
P6553,ACT
P5114,ACT
P5807,ACT
P2624,ACT
P4742,ACT
P2016,ACT
P8512,ACT
P8176,ACT
P1588,ACT
P6433,ACT
P1913,ACT
P7683,ACT
P1932,ACT
P8716,ACT
P2784,ACT
P1911,ACT
P8299,ACT
P8661,AAA
P2795,AAA
P2374,AAA
P2786,AAA
P5834,AAA
P6947,AAA
P4373,AAA
P1568,AAA
P1009,AAA
P3348,AAA
P2246,AAA
P7260,AAA
P5869,AAA
P7314,AAA
P9754,AAA
P6959,AAA
P9204,AAA
P2119,AAA
P1809,AAA
P1085,LOW
P6067,LOW
P2483,LOW
P9728,LOW
P7541,LOW
P4647,LOW
