P5675,ACT
P3929,ACT
P3488,ACT
P9583,ACT
P4274,ACT
P8068,ACT
P9277,ACT
P6903,ACT
P4484,ACT
P2911,ACT
P2404,ACT
P3286,ACT
P8948,ACT
P8862,ACT
P4211,ACT
P4606,ACT
P5533,ACT
P4970,ACT
P1640,ACT
P3000,ACT
P4488,ACT
P2147,ACT
P9110,ACT
P3085,ACT
P7338,ACT
P3123,AAA
P8752,AAA
P2929,AAA
P6736,AAA
P1518,AAA
P9240,AAA
P7591,AAA
P1137,AAA
P5739,AAA
P9993,AAA
P9453,AAA
P7119,AAA
P6135,AAA
P4383,AAA
P4718,AAA
P4138,AAA
P7322,LOW
P5204,LOW
P6023,LOW
P3630,LOW
P4464,LOW
P6890,LOW
P6771,LOW
P3730,LOW
P5515,LOW
