P7591,ACT
P3407,ACT
P9158,ACT
P7561,ACT
P6206,ACT
P3153,ACT
P4795,ACT
P3503,ACT
P1299,ACT
P1405,ACT
P4969,ACT
P7706,ACT
P2984,ACT
P7506,ACT
P1203,ACT
P4564,ACT
P3512,ACT
P8658,ACT
P5117,ACT
P5905,ACT
P3315,ACT
P7544,ACT
P5286,ACT
P1569,ACT
P6886,ACT
P8787,ACT
P9056,AAA
P5591,AAA
P3037,AAA
P5975,AAA
P2335,AAA
P9994,AAA
P7549,AAA
P6653,AAA
P7101,AAA
P7580,AAA
P8913,AAA
P5229,AAA
P4558,AAA
P1545,AAA
P6894,AAA
P2861,LOW
P7095,LOW
P8366,LOW
P2885,LOW
P4121,LOW
P7808,LOW
P9639,LOW
P7461,LOW
P8932,LOW
P7323,LOW
