P8848,ACT
P9594,ACT
P4387,ACT
P5355,ACT
P6941,ACT
P5427,ACT
P2357,ACT
P7150,ACT
P3460,ACT
P7439,ACT
P8933,ACT
P4960,ACT
P4410,ACT
P3342,ACT
P6132,ACT
P1391,ACT
P9899,ACT
P4838,ACT
P4399,ACT
P3411,ACT
P9425,ACT
P6533,ACT
P3220,ACT
P4667,ACT
P6073,ACT
P8171,ACT
P1045,AAA
P2310,AAA
P4671,AAA
P6351,AAA
P4162,AAA
P9489,AAA
P5932,AAA
P1907,AAA
P4335,AAA
P2276,AAA
P1651,AAA
P1182,AAA
P5971,AAA
P6467,AAA
P5973,AAA
P8698,AAA
P6906,LOW
P9113,LOW
P7917,LOW
P7021,LOW
P2497,LOW
P6556,LOW
P2029,LOW
P2684,LOW
P2474,LOW
