ethnicity,first_name,last_name
African,Cedric,Allen
African,Cedric,Baker
African,Cedric,Carter
African,Cedric,Gaines
African,Cedric,Green
African,Cedric,Harris
African,Cedric,Jackson
African,Cedric,Jefferson
African,Cedric,King
African,Cedric,Mitchell
African,Cedric,Robinson
African,Cedric,Scott
African,Cedric,Taylor
African,Cedric,Walker
African,Cedric,Washington
African,Cedric,White
African,Cedric,Wright
African,Cedric,Young
African,Darnell,Allen
African,Darnell,Baker
African,Darnell,Carter
African,Darnell,Gaines
African,Darnell,Green
African,Darnell,Harris
African,Darnell,Jackson
African,Darnell,Jefferson
African,Darnell,King
African,Darnell,Mitchell
African,Darnell,Robinson
African,Darnell,Scott
African,Darnell,Taylor
African,Darnell,Walker
African,Darnell,Washington
African,Darnell,White
African,Darnell,Wright
African,Darnell,Young
African,Deshawn,Allen
African,Deshawn,Baker
African,Deshawn,Carter
African,Deshawn,Gaines
African,Deshawn,Green
African,Deshawn,Harris
African,Deshawn,Jackson
African,Deshawn,Jefferson
African,Deshawn,King
African,Deshawn,Mitchell
African,Deshawn,Robinson
African,Deshawn,Scott
African,Deshawn,Taylor
African,Deshawn,Walker
African,Deshawn,Washington
African,Deshawn,White
African,Deshawn,Wright
African,Deshawn,Young
African,Jamal,Allen
African,Jamal,Baker
African,Jamal,Carter
African,Jamal,Gaines
African,Jamal,Green
African,Jamal,Harris
African,Jamal,Jackson
African,Jamal,Jefferson
African,Jamal,King
African,Jamal,Mitchell
African,Jamal,Robinson
African,Jamal,Scott
African,Jamal,Taylor
African,Jamal,Walker
African,Jamal,Washington
African,Jamal,White
African,Jamal,Wright
African,Jamal,Young
African,Jermaine,Allen
African,Jermaine,Baker
African,Jermaine,Carter
African,Jermaine,Gaines
African,Jermaine,Green
African,Jermaine,Harris
African,Jermaine,Jackson
African,Jermaine,Jefferson
African,Jermaine,King
African,Jermaine,Mitchell
African,Jermaine,Robinson
African,Jermaine,Scott
African,Jermaine,Taylor
African,Jermaine,Walker
African,Jermaine,Washington
African,Jermaine,White
African,Jermaine,Wright
African,Jermaine,Young
African,Leroy,Allen
African,Leroy,Baker
African,Leroy,Carter
African,Leroy,Gaines
African,Leroy,Green
African,Leroy,Harris
African,Leroy,Jackson
African,Leroy,Jefferson
African,Leroy,King
African,Leroy,Mitchell
African,Leroy,Robinson
African,Leroy,Scott
African,Leroy,Taylor
African,Leroy,Walker
African,Leroy,Washington
African,Leroy,White
African,Leroy,Wright
African,Leroy,Young
African,Malik,Allen
African,Malik,Baker
African,Malik,Carter
African,Malik,Gaines
African,Malik,Green
African,Malik,Harris
African,Malik,Jackson
African,Malik,Jefferson
African,Malik,King
African,Malik,Mitchell
African,Malik,Robinson
African,Malik,Scott
African,Malik,Taylor
African,Malik,Walker
African,Malik,Washington
African,Malik,White
African,Malik,Wright
African,Malik,Young
African,Percy,Allen
African,Percy,Baker
African,Percy,Carter
African,Percy,Gaines
African,Percy,Green
African,Percy,Harris
African,Percy,Jackson
African,Percy,Jefferson
African,Percy,King
African,Percy,Mitchell
African,Percy,Robinson
African,Percy,Scott
African,Percy,Taylor
African,Percy,Walker
African,Percy,Washington
African,Percy,White
African,Percy,Wright
African,Percy,Young
African,Rufus,Allen
African,Rufus,Baker
African,Rufus,Carter
African,Rufus,Gaines
African,Rufus,Green
African,Rufus,Harris
African,Rufus,Jackson
African,Rufus,Jefferson
African,Rufus,King
African,Rufus,Mitchell
African,Rufus,Robinson
African,Rufus,Scott
African,Rufus,Taylor
African,Rufus,Walker
African,Rufus,Washington
African,Rufus,White
African,Rufus,Wright
African,Rufus,Young
African,Tyrone,Allen
African,Tyrone,Baker
African,Tyrone,Carter
African,Tyrone,Gaines
African,Tyrone,Green
African,Tyrone,Harris
African,Tyrone,Jackson
African,Tyrone,Jefferson
African,Tyrone,King
African,Tyrone,Mitchell
African,Tyrone,Robinson
African,Tyrone,Scott
African,Tyrone,Taylor
African,Tyrone,Walker
African,Tyrone,Washington
African,Tyrone,White
African,Tyrone,Wright
African,Tyrone,Young
African,Xavier,Allen
African,Xavier,Baker
African,Xavier,Carter
African,Xavier,Gaines
African,Xavier,Green
African,Xavier,Harris
African,Xavier,Jackson
African,Xavier,Jefferson
African,Xavier,King
African,Xavier,Mitchell
African,Xavier,Robinson
African,Xavier,Scott
African,Xavier,Taylor
African,Xavier,Walker
African,Xavier,Washington
African,Xavier,White
African,Xavier,Wright
African,Xavier,Young
Anglo,Aaron,Carmolli
Anglo,Aaron,Demiter
Anglo,Aaron,Radon
Anglo,Abdul,Hamer
Anglo,Abdul,Harber
Anglo,Abdul,Koepf
Anglo,Abdul,Santi
Anglo,Abe,Beaber
Anglo,Abe,Mozie
Anglo,Abe,Semke
Anglo,Abel,Bernhagen
Anglo,Abel,Saxe
Anglo,Abraham,Klave
Anglo,Abraham,Rabuse
Anglo,Abraham,Slane
Anglo,Abram,Dickason
Anglo,Abram,Gata
Anglo,Abram,Rover
Anglo,Adalberto,Carrelli
Anglo,Adalberto,Gallik
Anglo,Adalberto,Krock
Anglo,Adalberto,Manos
Anglo,Adalberto,Paulos
Anglo,Adalberto,Schweickert
Anglo,Adalberto,Triller
Anglo,Adalberto,Wirick
Anglo,Adam,Schurk
Anglo,Adam,Turbide
Anglo,Adan,Gradillas
Anglo,Adan,Padget
Anglo,Adan,Wingerson
Anglo,Adolfo,Clukey
Anglo,Adolfo,Gessford
Anglo,Adolfo,Lamacchia
Anglo,Adolph,Buske
Anglo,Adolph,Sherratt
Anglo,Agustin,Barillaro
Anglo,Agustin,Blakenship
Anglo,Agustin,Luttrell
Anglo,Agustin,Steffensen
Anglo,Ahmad,Fracassa
Anglo,Ahmad,Gieseking
Anglo,Ahmad,Senft
Anglo,Ahmed,Esquivel
Anglo,Al,Sanville
Anglo,Al,Stvictor
Anglo,Alan,Rasanen
Anglo,Albert,Bertagnolli
Anglo,Albert,Posto
Anglo,Albert,Witman
Anglo,Alberto,Mcclave
Anglo,Alberto,Schaffner
Anglo,Alberto,Viscome
Anglo,Alden,Zaffalon
Anglo,Aldo,Beliard
Anglo,Aldo,Leigers
Anglo,Alec,Boulay
Anglo,Alec,Dales
Anglo,Alec,Dollarhide
Anglo,Alex,Segundo
Anglo,Alexander,Hozempa
Anglo,Alexis,Gelbart
Anglo,Alexis,Hadsall
Anglo,Alfonso,Fortier
Anglo,Alfonso,Meile
Anglo,Alfonzo,Frabott
Anglo,Alfonzo,Friedler
Anglo,Alfonzo,Mazzoni
Anglo,Alfonzo,Monjaras
Anglo,Alfonzo,Rheault
Anglo,Alfonzo,Salvature
Anglo,Alfred,Heitz
Anglo,Ali,Allcock
Anglo,Ali,Buen
Anglo,Allan,Gerl
Anglo,Alonzo,Strait
Anglo,Alphonse,Quilantang
Anglo,Alphonso,Tomopoulos
Anglo,Alva,Kious
Anglo,Alva,Mossien
Anglo,Alvaro,Ketron
Anglo,Alvin,Barrile
Anglo,Alvin,Louthen
Anglo,Alvin,Melder
Anglo,Alvin,Musso
Anglo,Alvin,Slaughenhoupt
Anglo,Amado,Daws
Anglo,Ambrose,Bratek
Anglo,Ambrose,Evitts
Anglo,Ambrose,Jacocks
Anglo,Ambrose,Kizer
Anglo,Anderson,Alper
Anglo,Anderson,Calvey
Anglo,Anderson,Glicher
Anglo,Anderson,Leandro
Anglo,Anderson,Lutes
Anglo,Anderson,Molinski
Anglo,Anderson,Wieben
Anglo,Andre,Fils
Anglo,Andre,Forsgren
Anglo,Andre,Ghrist
Anglo,Andre,Tranmer
Anglo,Andrea,Burkes
Anglo,Andrea,Segobia
Anglo,Andreas,Blacksmith
Anglo,Andreas,Galic
Anglo,Andrew,Greenly
Anglo,Andrew,Pfeiffer
Anglo,Andy,Alemany
Anglo,Andy,Bouchey
Anglo,Andy,Lafayette
Anglo,Andy,Walega
Anglo,Angel,Bigwood
Anglo,Angel,Hollenbaugh
Anglo,Angelo,Molen
Anglo,Anthony,Gouthier
Anglo,Anthony,Gravatt
Anglo,Anthony,Schnack
Anglo,Antione,Ratner
Anglo,Antione,Stotz
Anglo,Antoine,Besio
Anglo,Antoine,Granata
Anglo,Anton,Amalong
Anglo,Anton,Hoskie
Anglo,Anton,Kesek
Anglo,Anton,Wilcutt
Anglo,Anton,Wraight
Anglo,Antone,Money
Anglo,Antonia,Aleshire
Anglo,Antonia,Eliezrie
Anglo,Antony,Ridlen
Anglo,Antwan,Seanor
Anglo,Antwan,Weske
Anglo,Archie,Huxley
Anglo,Archie,Sillitti
Anglo,Arden,Gadewoltz
Anglo,Arden,Horr
Anglo,Arden,Kostiv
Anglo,Ariel,Bossen
Anglo,Ariel,Goodacre
Anglo,Arlen,Thanas
Anglo,Arlie,Byard
Anglo,Arlie,Dolphin
Anglo,Arlie,Dunagan
Anglo,Arlie,Kostka
Anglo,Arlie,Yozzo
Anglo,Armand,Atkisson
Anglo,Armand,Hamersly
Anglo,Armand,Tallada
Anglo,Armando,Mangon
Anglo,Arnold,Buikema
Anglo,Arnold,Modero
Anglo,Arnoldo,Buther
Anglo,Arnoldo,Finister
Anglo,Arnoldo,Offret
Anglo,Arnoldo,Pulfrey
Anglo,Arnulfo,Maltbie
Anglo,Arnulfo,Sink
Anglo,Arron,Molinary
Anglo,Arron,Paco
Anglo,Art,Gilbert
Anglo,Arthur,Ervin
Anglo,Arthur,Kellow
Anglo,Arthur,Kereluk
Anglo,Asa,Hoell
Anglo,Asa,Marchell
Anglo,Ashley,Denice
Anglo,Ashley,Kodani
Anglo,Ashley,Mennen
Anglo,Ashley,Smittle
Anglo,Aubrey,Baddley
Anglo,August,Daivs
Anglo,August,Hammette
Anglo,August,Mitro
Anglo,August,Rapley
Anglo,Augustine,Corse
Anglo,Augustine,Kaai
Anglo,Augustine,Kittner
Anglo,Augustine,Pride
Anglo,Augustus,Mainz
Anglo,Augustus,Suennen
Anglo,Aurelio,Louden
Anglo,Aurelio,Rogal
Anglo,Austin,Hellmuth
Anglo,Austin,Reginaldo
Anglo,Austin,Tharaldson
Anglo,Austin,Zabriskie
Anglo,Barney,Clement
Anglo,Barney,Cother
Anglo,Barney,Kuser
Anglo,Barney,Lacoss
Anglo,Barney,Moscone
Anglo,Barrett,Berkley
Anglo,Barrett,Dusik
Anglo,Barrett,Roble
Anglo,Barry,Lawernce
Anglo,Barry,Policastri
Anglo,Barry,Schmoyer
Anglo,Bart,Hariri
Anglo,Bart,Vinagre
Anglo,Barton,Figuroa
Anglo,Barton,Hattaway
Anglo,Barton,Hozempa
Anglo,Barton,Tynon
Anglo,Basil,Gaver
Anglo,Basil,Montore
Anglo,Beau,Desorbo
Anglo,Beau,Gaede
Anglo,Ben,Decelles
Anglo,Ben,Lafoe
Anglo,Benedict,Neiner
Anglo,Benito,Gwirtz
Anglo,Benito,Loux
Anglo,Benjamin,Cerasuolo
Anglo,Benjamin,Cornford
Anglo,Benjamin,Frett
Anglo,Benjamin,Jeffris
Anglo,Benjamin,Sund
Anglo,Bennie,Brock
Anglo,Bennie,Coup
Anglo,Bennie,Ostlund
Anglo,Bennie,Yantzer
Anglo,Bernard,Resureccion
Anglo,Bernard,Sanger
Anglo,Bernard,Talsma
Anglo,Bernard,Wolkow
Anglo,Bernardo,Noye
Anglo,Bernie,Peffly
Anglo,Bernie,Sielaff
Anglo,Bert,Harmond
Anglo,Billie,Holste
Anglo,Billie,Livecchi
Anglo,Billie,Mcnight
Anglo,Billy,Maden
Anglo,Billy,Sartell
Anglo,Billy,Trabue
Anglo,Blaine,Diwan
Anglo,Blair,Ohlsen
Anglo,Blake,Giacalone
Anglo,Bo,Barcroft
Anglo,Bo,Jackiewicz
Anglo,Bo,Ota
Anglo,Bob,Roediger
Anglo,Bobbie,Honnerlaw
Anglo,Bobbie,Maye
Anglo,Bobby,Khensamphanh
Anglo,Bobby,Maillet
Anglo,Bobby,Payan
Anglo,Booker,Cheeks
Anglo,Boris,Ana
Anglo,Boris,Stonge
Anglo,Boyce,Caldarera
Anglo,Boyce,Fennel
Anglo,Boyce,Varcoe
Anglo,Boyd,Mccanse
Anglo,Brad,Camire
Anglo,Brad,Dowless
Anglo,Brad,Rolan
Anglo,Bradford,Kinkle
Anglo,Bradford,Pentland
Anglo,Bradford,Taglialatela
Anglo,Bradley,Na
Anglo,Bradly,Matros
Anglo,Brady,Brossart
Anglo,Brady,Drenth
Anglo,Brady,Verduzco
Anglo,Brain,Aliberti
Anglo,Brain,Medrano
Anglo,Branden,Picotte
Anglo,Brandon,Homsey
Anglo,Brandon,Kruizenga
Anglo,Brandon,Lowitz
Anglo,Brant,Drysdale
Anglo,Brant,Newbold
Anglo,Brant,Werry
Anglo,Brendan,Boldwyn
Anglo,Brendan,Brienen
Anglo,Brendan,Hotter
Anglo,Brendon,Mckennon
Anglo,Brent,Iwanski
Anglo,Brenton,Harpel
Anglo,Brenton,Jaremka
Anglo,Bret,Abney
Anglo,Bret,Ditch
Anglo,Brett,Lamon
Anglo,Brice,Dejong
Anglo,Brice,Penaflor
Anglo,Britt,Biggard
Anglo,Britt,Kottman
Anglo,Britt,Whisenton
Anglo,Brock,Cabeza
Anglo,Brock,Staszak
Anglo,Brock,Vanstraten
Anglo,Broderick,Taira
Anglo,Brooks,Edick
Anglo,Brooks,Hover
Anglo,Bruce,Bloemer
Anglo,Bruce,Garff
Anglo,Bruce,Grifin
Anglo,Bruno,Stimage
Anglo,Bruno,Tanguay
Anglo,Bryan,Mclennon
Anglo,Bryan,Rabasca
Anglo,Bryan,Srey
Anglo,Bryant,Humpries
Anglo,Bryant,Mcgeorge
Anglo,Bryant,Psuik
Anglo,Bryant,Truog
Anglo,Bryce,Sladky
Anglo,Bryon,Assum
Anglo,Bryon,Bocchini
Anglo,Bryon,Drabant
Anglo,Bryon,Gionest
Anglo,Bryon,Kroesing
Anglo,Bryon,Monford
Anglo,Bryon,Schneller
Anglo,Bryon,Willmann
Anglo,Buck,Ottilige
Anglo,Buck,Trank
Anglo,Bud,Chirasello
Anglo,Buford,Mezquita
Anglo,Buford,Ruegger
Anglo,Burl,Gurganus
Anglo,Burl,Regulus
Anglo,Burt,Dailey
Anglo,Burt,Firkins
Anglo,Burton,Gregori
Anglo,Burton,Heintzman
Anglo,Burton,Hogsette
Anglo,Byron,Brasseaux
Anglo,Byron,Bybee
Anglo,Byron,Patchell
Anglo,Caleb,Hidy
Anglo,Caleb,Kearse
Anglo,Caleb,Poska
Anglo,Cameron,Beechner
Anglo,Cameron,Kleimola
Anglo,Cameron,Slagel
Anglo,Carey,Clendenen
Anglo,Carey,Marsch
Anglo,Carey,Piedigrossi
Anglo,Carl,Droneburg
Anglo,Carl,Karvonen
Anglo,Carl,Vanleeuwen
Anglo,Carlo,Bartoli
Anglo,Carlo,Cura
Anglo,Carlo,Gansburg
Anglo,Carlo,Merryweather
Anglo,Carlton,Polachek
Anglo,Carmelo,Craigmyle
Anglo,Carmelo,Mcravin
Anglo,Carmelo,Yurkanin
Anglo,Carmen,Bulcao
Anglo,Carmine,Pak
Anglo,Carol,Gosney
Anglo,Carol,Roesner
Anglo,Carol,Valli
Anglo,Carol,Warncke
Anglo,Carrol,Plotnik
Anglo,Carrol,Rupard
Anglo,Carroll,Him
Anglo,Carroll,Neblock
Anglo,Carroll,Ronde
Anglo,Carroll,Worman
Anglo,Carson,Corella
Anglo,Carson,Vathroder
Anglo,Carter,Hurtgen
Anglo,Cary,Fielden
Anglo,Casey,Albergotti
Anglo,Casey,Kassab
Anglo,Casey,Wennersten
Anglo,Casey,Wiklund
Anglo,Cecil,Burgoyne
Anglo,Cecil,Koda
Anglo,Cecil,Mordue
Anglo,Cedrick,Harvest
Anglo,Cedrick,Iler
Anglo,Cedrick,Soula
Anglo,Cedrick,Wichert
Anglo,Cesar,Lona
Anglo,Cesar,Lytal
Anglo,Chad,Knoth
Anglo,Chad,Shuttlesworth
Anglo,Chadwick,Brumbach
Anglo,Chadwick,Mandich
Anglo,Chadwick,Tanski
Anglo,Chadwick,Yellock
Anglo,Chance,Gunnett
Anglo,Chance,Litwiler
Anglo,Chang,Amy
Anglo,Chang,Imbesi
Anglo,Chang,Penisson
Anglo,Charles,Edens
Anglo,Charles,Fatchett
Anglo,Charles,Karen
Anglo,Charley,Courtney
Anglo,Charley,Liverman
Anglo,Charlie,Hoitt
Anglo,Charlie,Schlehuber
Anglo,Charlie,Stchur
Anglo,Chas,Breier
Anglo,Chas,Remmele
Anglo,Chase,Dragula
Anglo,Chauncey,Domer
Anglo,Chauncey,Thomison
Anglo,Chauncey,Wyles
Anglo,Chester,Cromeans
Anglo,Chester,Moosbrugger
Anglo,Chet,Depeyster
Anglo,Chong,Relles
Anglo,Chong,Rodman
Anglo,Chris,Duffey
Anglo,Christian,Favian
Anglo,Christian,Kirkey
Anglo,Christian,Lucich
Anglo,Christian,Mcday
Anglo,Christoper,Delgiudice
Anglo,Christopher,Pease
Anglo,Chuck,Hongerholt
Anglo,Chuck,Lewitt
Anglo,Chung,Benedict
Anglo,Chung,Shacklett
Anglo,Clair,Craine
Anglo,Clair,Reindeau
Anglo,Clair,Streets
Anglo,Clair,Verone
Anglo,Clarence,Bazemore
Anglo,Clarence,Farris
Anglo,Clarence,Frutiger
Anglo,Clarence,Meazell
Anglo,Clarence,Pires
Anglo,Clarence,Prager
Anglo,Claud,Che
Anglo,Claud,Gargano
Anglo,Claud,Nakaoka
Anglo,Claud,Sumas
Anglo,Claudio,Daigle
Anglo,Clay,Tagalog
Anglo,Clayton,Bakko
Anglo,Clayton,Kulseth
Anglo,Clayton,Sirmons
Anglo,Clement,Angelos
Anglo,Clement,Haddon
Anglo,Clement,Odess
Anglo,Clement,Wampole
Anglo,Clemente,Baldivia
Anglo,Clemente,Binner
Anglo,Clemente,Cremar
Anglo,Clemente,Marchand
Anglo,Cleveland,Branine
Anglo,Cleveland,Cobia
Anglo,Cleveland,Jamesson
Anglo,Cleveland,Sano
Anglo,Cleveland,Wermter
Anglo,Cliff,Patolot
Anglo,Cliff,Rothman
Anglo,Cliff,Tullar
Anglo,Clifford,Delia
Anglo,Clifford,Sandoral
Anglo,Clifton,Godleski
Anglo,Clifton,Goeman
Anglo,Clifton,Iman
Anglo,Clifton,Paffrath
Anglo,Clifton,Ussery
Anglo,Clint,Alexander
Anglo,Clint,Blandino
Anglo,Clinton,Scriber
Anglo,Clyde,Breitmeyer
Anglo,Clyde,Deyoung
Anglo,Clyde,Patriss
Anglo,Clyde,Worsham
Anglo,Cody,Kos
Anglo,Cody,Napoli
Anglo,Colby,Amy
Anglo,Cole,Gilday
Anglo,Cole,Haverstock
Anglo,Cole,Margaret
Anglo,Coleman,Honhart
Anglo,Colin,Galietti
Anglo,Colin,Suben
Anglo,Colin,Winesett
Anglo,Collin,Vandekieft
Anglo,Colton,Giessinger
Anglo,Colton,Toyoshima
Anglo,Columbus,Lupinacci
Anglo,Connie,Beier
Anglo,Connie,Blumenkranz
Anglo,Cordell,Augliano
Anglo,Cordell,Mcgoon
Anglo,Cordell,Panke
Anglo,Cordell,Terzo
Anglo,Corey,Riehle
Anglo,Corey,Ruse
Anglo,Cornelius,Crummie
Anglo,Cornell,Chio
Anglo,Cornell,Hubbell
Anglo,Cortez,Bayard
Anglo,Cortez,Vizcarra
Anglo,Cory,Kudron
Anglo,Cory,Mauson
Anglo,Courtney,Briggeman
Anglo,Courtney,Schisler
Anglo,Craig,Schwalbe
Anglo,Cristopher,Accosta
Anglo,Cristopher,Drossman
Anglo,Cristopher,Ginoza
Anglo,Cristopher,Kole
Anglo,Cruz,Bordes
Anglo,Cruz,Coplin
Anglo,Cruz,Krammer
Anglo,Cruz,Lyseski
Anglo,Cruz,Shortino
Anglo,Cruz,Unsell
Anglo,Curt,Carmouche
Anglo,Curt,Jozsa
Anglo,Curt,Marshak
Anglo,Curtis,Retersdorf
Anglo,Cyril,Pa
Anglo,Cyrus,Humpal
Anglo,Cyrus,Plamondin
Anglo,Cyrus,Theus
Anglo,Dale,Brawn
Anglo,Dallas,Berkstresser
Anglo,Dallas,Fausnaugh
Anglo,Dalton,Delligatti
Anglo,Damian,Kapuscinski
Anglo,Damien,Mcelveen
Anglo,Damien,Stayrook
Anglo,Damien,Wooden
Anglo,Damion,Baade
Anglo,Damion,Zoellick
Anglo,Damon,Bossick
Anglo,Damon,Curll
Anglo,Damon,Mcelderry
Anglo,Dan,Aboulissan
Anglo,Dan,Ashkettle
Anglo,Dana,Gazaway
Anglo,Dana,Niedzwiecki
Anglo,Dana,Retter
Anglo,Dane,Abshear
Anglo,Dane,Hardon
Anglo,Dane,Riederer
Anglo,Danial,Poplaski
Anglo,Danial,Willia
Anglo,Daniel,Jory
Anglo,Danilo,Briggerman
Anglo,Danilo,Mckennan
Anglo,Danilo,Taing
Anglo,Dannie,Ercolano
Anglo,Dannie,Stockfisch
Anglo,Danny,Scandura
Anglo,Danny,Schirrmacher
Anglo,Danny,Trimmer
Anglo,Dante,Ashman
Anglo,Dante,Delullo
Anglo,Darell,Brownley
Anglo,Daren,Longway
Anglo,Daren,Meunier
Anglo,Darin,Meharg
Anglo,Darin,Winzer
Anglo,Dario,Bartz
Anglo,Dario,Quincy
Anglo,Daron,Harmison
Anglo,Daron,Stoneberger
Anglo,Darrel,Tessler
Anglo,Darren,Lakey
Anglo,Darrick,Burpee
Anglo,Darrick,Mccoil
Anglo,Darrick,Milks
Anglo,Darrick,Risby
Anglo,Darrick,Youtsey
Anglo,Darrin,Phyfe
Anglo,Darron,Mickens
Anglo,Darryl,Fantauzzo
Anglo,Darryl,Greff
Anglo,Darryl,Kassam
Anglo,Darryl,Mesrobian
Anglo,Darryl,Taccone
Anglo,Darwin,Ophus
Anglo,Daryl,Groene
Anglo,Dave,Domenech
Anglo,Dave,Rocha
Anglo,David,Schiel
Anglo,David,Thurgood
Anglo,David,Tuten
Anglo,Davis,Conole
Anglo,Dean,Karge
Anglo,Deandre,Eshlerman
Anglo,Deandre,Oravec
Anglo,Deangelo,Adens
Anglo,Deangelo,Batcher
Anglo,Dee,Hachigian
Anglo,Dee,Laport
Anglo,Dee,Mckain
Anglo,Del,Mazell
Anglo,Del,Parenti
Anglo,Delbert,Hilson
Anglo,Delbert,Vanamburg
Anglo,Delbert,Wilner
Anglo,Delmer,Mahoney
Anglo,Delmer,Marseilles
Anglo,Delmer,Stacker
Anglo,Demarcus,Bania
Anglo,Demarcus,Thissen
Anglo,Demetrius,Monachino
Anglo,Denis,Macmullen
Anglo,Dennis,Andelman
Anglo,Dennis,Harbor
Anglo,Dennis,Neighbors
Anglo,Denny,Rusch
Anglo,Denny,Wakeford
Anglo,Denver,Simmer
Anglo,Deon,Bolieu
Anglo,Derek,Luellen
Anglo,Derick,Bellanca
Anglo,Derick,Hensle
Anglo,Derick,Kertesz
Anglo,Derick,Mittelstaedt
Anglo,Derick,Pfnister
Anglo,Derick,Slaughenhoupt
Anglo,Derick,Wickersheim
Anglo,Derrick,Bihler
Anglo,Derrick,Gaddis
Anglo,Derrick,Ulich
Anglo,Desmond,Aschim
Anglo,Desmond,Ikeda
Anglo,Devin,Langenfeld
Anglo,Dewayne,Bohol
Anglo,Dewayne,Hepp
Anglo,Dewayne,Kuhr
Anglo,Dewayne,Ragas
Anglo,Dewey,Mcgarey
Anglo,Dewey,Sprenkle
Anglo,Dewitt,Jeanette
Anglo,Dexter,Batchelor
Anglo,Dexter,Chirco
Anglo,Dick,Roewe
Anglo,Dick,Sports
Anglo,Dick,Stelle
Anglo,Diego,Madarang
Anglo,Dillon,Palmios
Anglo,Dino,Bohner
Anglo,Dion,Groshek
Anglo,Dion,Kamin
Anglo,Dion,Keer
Anglo,Dion,Mcclary
Anglo,Dion,Uimari
Anglo,Dirk,Maraia
Anglo,Domenic,Frometa
Anglo,Domenic,Haus
Anglo,Domingo,Cowdin
Anglo,Domingo,Flaherty
Anglo,Dominique,Heydt
Anglo,Don,Leaks
Anglo,Don,Sexson
Anglo,Donald,Antenor
Anglo,Donald,Decourley
Anglo,Donald,Geer
Anglo,Donald,Sabia
Anglo,Donald,Sorey
Anglo,Donald,Wollard
Anglo,Dong,Cahoon
Anglo,Dong,Thu
Anglo,Dong,Walp
Anglo,Donn,Barz
Anglo,Donn,Dunavant
Anglo,Donn,Maronge
Anglo,Donn,Mayson
Anglo,Donnell,Bertman
Anglo,Donnell,Kett
Anglo,Donnell,Saunier
Anglo,Donnie,Godwyn
Anglo,Donnie,Sikkila
Anglo,Donnie,Strapp
Anglo,Donnie,Wombacher
Anglo,Donny,Cassity
Anglo,Donovan,Byse
Anglo,Donovan,Chanthasene
Anglo,Donovan,Galey
Anglo,Donovan,Pencek
Anglo,Dorian,Catrone
Anglo,Dorian,Chew
Anglo,Dorian,Solton
Anglo,Dorsey,Macho
Anglo,Doug,Auel
Anglo,Doug,Bartlett
Anglo,Doug,Lentine
Anglo,Doug,Nilan
Anglo,Douglas,Schlipp
Anglo,Douglas,Topal
Anglo,Douglas,Zipp
Anglo,Douglass,Dorrell
Anglo,Doyle,Camerena
Anglo,Doyle,Firebaugh
Anglo,Drew,Terrible
Anglo,Duane,Destree
Anglo,Duane,Esfahani
Anglo,Duane,Maniar
Anglo,Dudley,Lacroix
Anglo,Dudley,Schwarze
Anglo,Duncan,Freet
Anglo,Duncan,Ruvo
Anglo,Duncan,Sasse
Anglo,Duncan,Sens
Anglo,Dustin,Badoni
Anglo,Dustin,Grossi
Anglo,Dustin,Leavigne
Anglo,Dustin,Romero
Anglo,Dusty,Early
Anglo,Dusty,Kalman
Anglo,Dusty,Statz
Anglo,Dwain,Dattilo
Anglo,Dwain,Heape
Anglo,Dwain,Pesta
Anglo,Dwain,Zoldesy
Anglo,Dwayne,Bruestle
Anglo,Dwayne,Cerasuolo
Anglo,Dwayne,Fabin
Anglo,Dwayne,Hackathorn
Anglo,Dwayne,Hampel
Anglo,Dwayne,Masturzo
Anglo,Dwayne,Mikolon
Anglo,Dwayne,Walka
Anglo,Dwight,Mccowan
Anglo,Dwight,Ohman
Anglo,Dwight,Ravago
Anglo,Dylan,Bula
Anglo,Dylan,Hoylton
Anglo,Dylan,Kmiecik
Anglo,Earl,Cusumano
Anglo,Earle,Krys
Anglo,Earle,Roe
Anglo,Ed,Anttila
Anglo,Ed,Lovingood
Anglo,Ed,Nibbe
Anglo,Ed,Ragsdale
Anglo,Eddie,Criqui
Anglo,Eddie,Island
Anglo,Eddie,Peskind
Anglo,Eddie,Yasinski
Anglo,Eddy,Caffarel
Anglo,Eddy,Critzer
Anglo,Eddy,Jasper
Anglo,Edgar,Malcom
Anglo,Edgar,Salvant
Anglo,Edgardo,Craker
Anglo,Edgardo,Reigstad
Anglo,Edison,Pavlick
Anglo,Edmond,Fortune
Anglo,Edmond,Hohnstein
Anglo,Edmund,Carre
Anglo,Edmund,Inman
Anglo,Edmund,Kut
Anglo,Edmundo,Arcement
Anglo,Edmundo,Derobles
Anglo,Edmundo,Garmany
Anglo,Edmundo,Skalicky
Anglo,Edmundo,Strieter
Anglo,Edward,Cheli
Anglo,Edward,Schlein
Anglo,Edwardo,Hinke
Anglo,Edwardo,Icardo
Anglo,Edwardo,Jarzynka
Anglo,Edwardo,Osazuwa
Anglo,Edwardo,Priore
Anglo,Edwin,Eapen
Anglo,Edwin,Havlik
Anglo,Edwin,Hilda
Anglo,Edwin,Stivason
Anglo,Efrain,Casdorph
Anglo,Efrain,Cernuto
Anglo,Efrain,Creaser
Anglo,Efren,Brezenski
Anglo,Efren,Doucet
Anglo,Elbert,Berdugo
Anglo,Elbert,Bhola
Anglo,Elbert,Nehlsen
Anglo,Elbert,Ocejo
Anglo,Eldon,Drago
Anglo,Eldon,Fiore
Anglo,Eldon,Minkel
Anglo,Eldon,Pietz
Anglo,Eldridge,Borella
Anglo,Eldridge,Jayme
Anglo,Eldridge,Tomidy
Anglo,Eli,Bolch
Anglo,Elijah,Hulcy
Anglo,Elliot,Arrambide
Anglo,Elliot,Frentzel
Anglo,Elliot,Mayhall
Anglo,Elliott,Liming
Anglo,Elliott,Namur
Anglo,Elliott,Smietana
Anglo,Ellis,Hanoa
Anglo,Ellis,Teagle
Anglo,Ellsworth,Surrette
Anglo,Elmer,Edelen
Anglo,Elmer,Ruley
Anglo,Elmo,Igbal
Anglo,Elroy,Glackin
Anglo,Elroy,Vardy
Anglo,Elton,Labbadia
Anglo,Elvis,Hasstedt
Anglo,Elvis,Ringeisen
Anglo,Elvis,Spates
Anglo,Elwood,Lehmberg
Anglo,Emerson,Mazikowski
Anglo,Emerson,Mcgraff
Anglo,Emery,Hoiseth
Anglo,Emery,Howles
Anglo,Emery,Soderblom
Anglo,Emil,Paysour
Anglo,Emile,Kimmes
Anglo,Emilio,Blake
Anglo,Emilio,Heningburg
Anglo,Emmanuel,Cappel
Anglo,Emmanuel,Licklider
Anglo,Emmett,Andoh
Anglo,Emmett,Hodgkinson
Anglo,Emmett,Langoni
Anglo,Emmett,Ritzert
Anglo,Emmitt,Popplewell
Anglo,Emory,Flom
Anglo,Emory,Kirchen
Anglo,Enoch,Rincan
Anglo,Enoch,Taneja
Anglo,Enoch,Vielle
Anglo,Enrique,Rohlf
Anglo,Enrique,Scholtens
Anglo,Enrique,Turiano
Anglo,Erasmo,Biltz
Anglo,Eric,Gladysiewski
Anglo,Eric,Kiedrowski
Anglo,Eric,Quintel
Anglo,Erich,Belk
Anglo,Erich,Bonillas
Anglo,Erich,Iman
Anglo,Erich,Yono
Anglo,Erich,Zenk
Anglo,Erick,Sifontes
Anglo,Erik,Pittard
Anglo,Erik,Shoman
Anglo,Erin,Debow
Anglo,Erin,Feoli
Anglo,Erin,Tencer
Anglo,Erin,Wolman
Anglo,Ernest,Borovec
Anglo,Ernest,Critton
Anglo,Ernest,Nuanes
Anglo,Ernest,Oxford
Anglo,Ernest,Wolfgramm
Anglo,Ernesto,Kammel
Anglo,Ernesto,Mcclamroch
Anglo,Ernesto,Poister
Anglo,Ernesto,Segel
Anglo,Ernie,Desir
Anglo,Ernie,Galuska
Anglo,Ernie,Lumas
Anglo,Errol,Hults
Anglo,Ervin,Kerens
Anglo,Ervin,Lorenzana
Anglo,Ervin,Stanger
Anglo,Erwin,Pry
Anglo,Esteban,Kurtyka
Anglo,Esteban,Vancise
Anglo,Esteban,Vanlith
Anglo,Ethan,Lion
Anglo,Eugene,Tochterman
Anglo,Eugenio,Amante
Anglo,Eugenio,Colar
Anglo,Eugenio,Winograd
Anglo,Eusebio,Okuhara
Anglo,Evan,Silvaggio
Anglo,Everett,Vandel
Anglo,Everette,Stoeger
Anglo,Ezequiel,Dartez
Anglo,Ezequiel,Fielding
Anglo,Ezra,Delagol
Anglo,Ezra,Esquivel
Anglo,Ezra,Saltzman
Anglo,Fabian,Gullickson
Anglo,Fabian,Mousley
Anglo,Fausto,Cummer
Anglo,Fausto,Joplin
Anglo,Fausto,Runions
Anglo,Federico,Fondaw
Anglo,Federico,Oganyan
Anglo,Federico,Pinsoneault
Anglo,Felipe,Goodwater
Anglo,Felipe,Plotz
Anglo,Felton,Dant
Anglo,Felton,Edmiston
Anglo,Felton,Ginnery
Anglo,Felton,Shuptrine
Anglo,Felton,Wach
Anglo,Ferdinand,Annabel
Anglo,Ferdinand,Babish
Anglo,Ferdinand,Berning
Anglo,Ferdinand,Bratten
Anglo,Fermin,Benitez
Anglo,Fermin,Colehour
Anglo,Fermin,Cuez
Anglo,Fermin,Lathim
Anglo,Fidel,Coman
Anglo,Fidel,Mcgoey
Anglo,Filiberto,Ambrosia
Anglo,Filiberto,Bisignano
Anglo,Filiberto,Mcnaughton
Anglo,Filiberto,Ranah
Anglo,Fletcher,Favolise
Anglo,Fletcher,Haygood
Anglo,Fletcher,Hofbauer
Anglo,Fletcher,Munt
Anglo,Fletcher,Quiros
Anglo,Florencio,Geimer
Anglo,Florencio,Gizinski
Anglo,Florentino,Abbot
Anglo,Florentino,Cantara
Anglo,Florentino,Gomora
Anglo,Florentino,Labuff
Anglo,Florentino,Trueman
Anglo,Floyd,Lataquin
Anglo,Forest,Karp
Anglo,Forrest,Chounlapane
Anglo,Forrest,Fornell
Anglo,Forrest,Mertine
Anglo,Forrest,Townsand
Anglo,Forrest,Ungar
Anglo,Foster,Arzabala
Anglo,Frances,Crumlish
Anglo,Frances,Dobos
Anglo,Frances,Hasenbeck
Anglo,Frances,Newham
Anglo,Francesco,Camferdam
Anglo,Francesco,Glanville
Anglo,Francesco,Hinchliff
Anglo,Francesco,Minster
Anglo,Francis,Stormont
Anglo,Frank,Mann
Anglo,Frank,Sorace
Anglo,Franklin,Blann
Anglo,Franklin,Harding
Anglo,Franklin,Wichern
Anglo,Franklyn,Berlove
Anglo,Franklyn,Shouts
Anglo,Franklyn,Villao
Anglo,Fred,Bagi
Anglo,Fred,Bienvenu
Anglo,Freddie,Nimura
Anglo,Freddy,Lessman
Anglo,Freddy,Mcnelly
Anglo,Frederic,Stacken
Anglo,Frederick,Sullivan
Anglo,Fredric,Batalona
Anglo,Fredric,Popovic
Anglo,Fredrick,Curella
Anglo,Fredrick,Greg
Anglo,Fredrick,Ontko
Anglo,Fredrick,Schneidtmille
Anglo,Fredrick,Wohlers
Anglo,Fritz,Sjostrom
Anglo,Fritz,Won
Anglo,Gabriel,Diano
Anglo,Gabriel,Nordenstrom
Anglo,Gabriel,Sandhoff
Anglo,Gail,Politte
Anglo,Gail,Vickery
Anglo,Gale,Huemmer
Anglo,Gale,Reinholdt
Anglo,Galen,Barraz
Anglo,Galen,Marchuk
Anglo,Galen,Moscardelli
Anglo,Galen,Uplinger
Anglo,Garfield,Dicola
Anglo,Garfield,Donnan
Anglo,Garfield,Perret
Anglo,Garland,Coonrod
Anglo,Garland,Drouillard
Anglo,Garland,Remaley
Anglo,Garret,Lampley
Anglo,Garrett,Dechico
Anglo,Garrett,Mceldowney
Anglo,Garrett,Uhrig
Anglo,Garry,Negrette
Anglo,Garth,Dispirito
Anglo,Garth,Gonder
Anglo,Gary,Hegstad
Anglo,Gary,Shiels
Anglo,Gaston,Sobe
Anglo,Gavin,Deviney
Anglo,Gayle,Lieb
Anglo,Gayle,Yearsley
Anglo,Gene,Eloy
Anglo,Gene,Hainsworth
Anglo,Gene,Lyday
Anglo,Gene,Sharpey
Anglo,Geoffrey,Ariaza
Anglo,George,Bengel
Anglo,George,Peitz
Anglo,Gerald,Chianese
Anglo,Gerald,Eugley
Anglo,Gerald,Gangestad
Anglo,Gerald,Lero
Anglo,Gerald,Treftz
Anglo,German,Grunow
Anglo,German,Philbeck
Anglo,German,Vence
Anglo,Gerry,Knobel
Anglo,Gil,Ahrends
Anglo,Gil,Holda
Anglo,Gil,Peary
Anglo,Gilbert,Defranco
Anglo,Gilberto,Desselle
Anglo,Gilberto,Sirolli
Anglo,Gino,Carransa
Anglo,Gino,Molfetta
Anglo,Giovanni,Bettley
Anglo,Giovanni,Flagler
Anglo,Giovanni,Teskey
Anglo,Giuseppe,Mittelsteadt
Anglo,Glen,Dorminy
Anglo,Glen,Groner
Anglo,Glen,Leek
Anglo,Glen,Temby
Anglo,Glenn,Crosdale
Anglo,Glenn,Freehling
Anglo,Glenn,Klaja
Anglo,Gonzalo,Bergesen
Anglo,Gonzalo,Dubis
Anglo,Gonzalo,Hlavacek
Anglo,Gonzalo,Jacklin
Anglo,Gonzalo,Neisius
Anglo,Gordon,Remedies
Anglo,Grady,Prchlik
Anglo,Graham,Wyand
Anglo,Graig,Kilburn
Anglo,Graig,Sharp
Anglo,Graig,Volker
Anglo,Grant,Wohlwendi
Anglo,Granville,Gelder
Anglo,Granville,Lis
Anglo,Granville,Montuoro
Anglo,Greg,Fortna
Anglo,Greg,Kallman
Anglo,Greg,Perrine
Anglo,Greg,Spearmon
Anglo,Gregg,Daigh
Anglo,Gregg,Sallee
Anglo,Gregorio,Cadle
Anglo,Gregory,Colpaert
Anglo,Gregory,Giambruno
Anglo,Gregory,Natho
Anglo,Grover,Cappelluti
Anglo,Grover,Debois
Anglo,Grover,Fadale
Anglo,Grover,Fleshman
Anglo,Grover,Mccaughan
Anglo,Guadalupe,Brickel
Anglo,Guadalupe,Bumby
Anglo,Guadalupe,Duropan
Anglo,Guadalupe,Tritz
Anglo,Guadalupe,Worosz
Anglo,Guillermo,Echols
Anglo,Guillermo,Hochstatter
Anglo,Guillermo,Soula
Anglo,Gus,Begun
Anglo,Gus,Oilvares
Anglo,Gustavo,Berkich
Anglo,Gustavo,Jazwa
Anglo,Guy,Lino
Anglo,Guy,Szulimowski
Anglo,Hai,Aloan
Anglo,Hai,Germy
Anglo,Hai,Puzo
Anglo,Hal,Chauncey
Anglo,Hal,Kirkness
Anglo,Hank,Linsday
Anglo,Hank,Theel
Anglo,Hans,Eliades
Anglo,Hans,Schwandt
Anglo,Harlan,Blanscet
Anglo,Harlan,Drescher
Anglo,Harlan,Rens
Anglo,Harland,Haakenson
Anglo,Harland,Rurup
Anglo,Harland,Winkler
Anglo,Harley,Moreno
Anglo,Harold,Ferdon
Anglo,Harold,Giambruno
Anglo,Harold,Magee
Anglo,Harris,Coran
Anglo,Harrison,Leischner
Anglo,Harry,Odhner
Anglo,Harvey,Holahan
Anglo,Harvey,Mancera
Anglo,Harvey,Nicole
Anglo,Harvey,Shyu
Anglo,Harvey,Zuckerman
Anglo,Hassan,Abuhl
Anglo,Hassan,Domhoff
Anglo,Hassan,Magowan
Anglo,Hassan,Pezez
Anglo,Hassan,Prehoda
Anglo,Hassan,Whary
Anglo,Hayden,Thiery
Anglo,Heath,Slough
Anglo,Heath,Witherspoon
Anglo,Henry,Bruch
Anglo,Henry,Eguchi
Anglo,Henry,Godbee
Anglo,Henry,Htwe
Anglo,Henry,Remele
Anglo,Henry,Schnebly
Anglo,Herb,Millsap
Anglo,Herb,Wilkey
Anglo,Herb,Zeno
Anglo,Herbert,Brockney
Anglo,Heriberto,Herrea
Anglo,Heriberto,Kounthong
Anglo,Heriberto,Rosher
Anglo,Herman,Barriger
Anglo,Herman,Niles
Anglo,Herschel,Kyner
Anglo,Hershel,See
Anglo,Hilario,Fellin
Anglo,Hilario,Trayer
Anglo,Hilton,Barria
Anglo,Hipolito,Ranney
Anglo,Hipolito,Wehbe
Anglo,Hiram,Bernecker
Anglo,Hiram,Degravelle
Anglo,Hiram,Harcey
Anglo,Hobert,Waide
Anglo,Hollis,Forni
Anglo,Hollis,Groetsch
Anglo,Hollis,Grotts
Anglo,Hollis,Heeren
Anglo,Hollis,Pumarejo
Anglo,Homer,Fuest
Anglo,Hong,Farrauto
Anglo,Hong,Ragasa
Anglo,Horace,Branscome
Anglo,Horace,Hoehne
Anglo,Horace,Letterman
Anglo,Horacio,Bukovac
Anglo,Horacio,Juris
Anglo,Horacio,Reihing
Anglo,Horacio,Wansing
Anglo,Hosea,Alonge
Anglo,Hosea,Mclauchlin
Anglo,Houston,Unck
Anglo,Howard,Mangrich
Anglo,Hoyt,Genovesi
Anglo,Hoyt,Seevers
Anglo,Hubert,Beaudrie
Anglo,Hubert,Rommelfanger
Anglo,Huey,Valseca
Anglo,Hugh,Duplessis
Anglo,Hugh,Kosofsky
Anglo,Hugh,Maniatis
Anglo,Hugh,Seda
Anglo,Hugo,Pinsonnault
Anglo,Hugo,Syphers
Anglo,Humberto,Bahler
Anglo,Humberto,Mofle
Anglo,Humberto,Tichi
Anglo,Hung,Krolczyk
Anglo,Hung,Palis
Anglo,Hung,Teffeteller
Anglo,Hunter,Chenevey
Anglo,Hunter,Chmura
Anglo,Hunter,Ditsch
Anglo,Hunter,Steinhardt
Anglo,Hyman,Bodo
Anglo,Ian,Bindel
Anglo,Ignacio,Morber
Anglo,Ignacio,Updegraff
Anglo,Ike,Brookings
Anglo,Ike,Closovschi
Anglo,Ike,Neally
Anglo,Ike,Skyers
Anglo,Ira,Chomka
Anglo,Irvin,Hiles
Anglo,Irvin,Mckinley
Anglo,Irving,Galarneau
Anglo,Irving,Hege
Anglo,Irving,Losser
Anglo,Irving,Threatt
Anglo,Irwin,Cutrer
Anglo,Irwin,Fansler
Anglo,Irwin,Mcclish
Anglo,Isaiah,Cinadr
Anglo,Isaiah,Mone
Anglo,Isaias,Seise
Anglo,Isiah,Cruikshank
Anglo,Isidro,Burham
Anglo,Isidro,Wescott
Anglo,Ismael,Sochan
Anglo,Isreal,Carnall
Anglo,Isreal,Touton
Anglo,Issac,Buening
Anglo,Ivan,Lodwick
Anglo,Ivan,Skalicky
Anglo,Ivory,Gembarowski
Anglo,Ivory,Heinzerling
Anglo,Jacinto,Fujii
Anglo,Jacinto,Geremia
Anglo,Jacinto,Kupchinsky
Anglo,Jacinto,Scholler
Anglo,Jack,Rasole
Anglo,Jack,Sholtis
Anglo,Jackie,Howland
Anglo,Jackie,Rogala
Anglo,Jackie,Wilczynski
Anglo,Jackson,Feiertag
Anglo,Jackson,Marko
Anglo,Jackson,Medlock
Anglo,Jackson,Oglesby
Anglo,Jackson,Voigt
Anglo,Jacob,Tietjen
Anglo,Jacques,Bustin
Anglo,Jacques,Melino
Anglo,Jacques,Pillette
Anglo,Jacques,Swille
Anglo,Jae,Philpott
Anglo,Jaime,Halcon
Anglo,Jaime,Schwetz
Anglo,Jake,Foks
Anglo,Jake,Tarrant
Anglo,Jake,Vinci
Anglo,Jamaal,Bellino
Anglo,Jamaal,Posusta
Anglo,Jamar,Provencio
Anglo,Jamel,Burtle
Anglo,Jamel,Schofell
Anglo,James,Curro
Anglo,James,Garrity
Anglo,James,Sidney
Anglo,Jamey,Cham
Anglo,Jamey,Goldak
Anglo,Jamey,Monagan
Anglo,Jamey,Shorrock
Anglo,Jamie,Chafin
Anglo,Jamie,Daniell
Anglo,Jamie,Szymczyk
Anglo,Jan,Birdo
Anglo,Jan,Mattsson
Anglo,Jan,Vanderlinden
Anglo,Jan,Whittiker
Anglo,Jared,Przeniczny
Anglo,Jarod,Deconti
Anglo,Jarod,Wedner
Anglo,Jarred,Thornburg
Anglo,Jarrett,Blain
Anglo,Jarrett,Conklin
Anglo,Jarrett,Faulkner
Anglo,Jarrett,Sammons
Anglo,Jarrod,Chappell
Anglo,Jarrod,Christi
Anglo,Jarrod,Hebb
Anglo,Jason,Dones
Anglo,Jason,Wunderlich
Anglo,Jasper,Killings
Anglo,Jasper,Meconi
Anglo,Jasper,Olowe
Anglo,Jay,Honkanen
Anglo,Jay,Stelter
Anglo,Jayson,Masell
Anglo,Jc,Aquero
Anglo,Jean,Goings
Anglo,Jean,Madriz
Anglo,Jed,Kinnett
Anglo,Jed,Mathes
Anglo,Jeff,Nail
Anglo,Jeff,Noens
Anglo,Jefferey,Platzer
Anglo,Jefferson,Constante
Anglo,Jefferson,Darvish
Anglo,Jefferson,Demko
Anglo,Jefferson,Jacckson
Anglo,Jeffery,Bognuda
Anglo,Jeffrey,Birkmaier
Anglo,Jeffrey,Chesebro
Anglo,Jeffrey,Moreci
Anglo,Jeffrey,Wightman
Anglo,Jeffry,Dovey
Anglo,Jeffry,Galapon
Anglo,Jerald,Counselman
Anglo,Jerald,Kut
Anglo,Jerald,Shaklee
Anglo,Jerald,Vancleave
Anglo,Jeramy,Ivon
Anglo,Jeramy,Thielen
Anglo,Jere,Dalzen
Anglo,Jere,Schares
Anglo,Jeremiah,Farley
Anglo,Jeremy,Bayless
Anglo,Jeremy,Mcie
Anglo,Jerome,Chacko
Anglo,Jerome,Galbavy
Anglo,Jerome,Lemkau
Anglo,Jerome,Lorance
Anglo,Jeromy,Bagley
Anglo,Jeromy,Guckin
Anglo,Jeromy,Zanni
Anglo,Jerrell,Mezick
Anglo,Jerrold,Bemo
Anglo,Jerrold,Eppes
Anglo,Jerrold,Fullilove
Anglo,Jerrold,Lokaphone
Anglo,Jerrold,Salvadore
Anglo,Jerry,Fulvio
Anglo,Jerry,Jakob
Anglo,Jerry,Macduffee
Anglo,Jess,Dolhon
Anglo,Jess,Grade
Anglo,Jess,Weasel
Anglo,Jesse,Lease
Anglo,Jesse,Milberger
Anglo,Jessie,Meitz
Anglo,Jesus,Esty
Anglo,Jesus,Mahi
Anglo,Jesus,Tankson
Anglo,Jewel,Nesseth
Anglo,Jewell,Blomstrand
Anglo,Jewell,Duell
Anglo,Jewell,Ferriera
Anglo,Jewell,Hodo
Anglo,Jewell,Keltz
Anglo,Jewell,Lidge
Anglo,Jewell,Tsan
Anglo,Jim,Florek
Anglo,Jim,Swift
Anglo,Jim,Thompson
Anglo,Jimmy,Mcgovern
Anglo,Jimmy,Schiedler
Anglo,Jimmy,Zych
Anglo,Joan,Knittle
Anglo,Joan,Lupiani
Anglo,Joan,Neilsen
Anglo,Joan,Woullard
Anglo,Joaquin,Devit
Anglo,Joaquin,Hankey
Anglo,Joaquin,Skains
Anglo,Joaquin,Waples
Anglo,Jody,Brevig
Anglo,Jody,Ekhoff
Anglo,Jody,Hufnagel
Anglo,Jody,Ikeda
Anglo,Jody,Inloes
Anglo,Jody,Issler
Anglo,Jody,Piccuillo
Anglo,Jody,Sainato
Anglo,Joe,Grav
Anglo,Joe,Heitmann
Anglo,Joe,Linsin
Anglo,Joe,Sedy
Anglo,Joe,Siegle
Anglo,Joesph,Bouma
Anglo,Joesph,Tallarico
Anglo,Joey,Caudy
Anglo,Joey,Jordahl
Anglo,Joey,Morrison
Anglo,Joey,Vos
Anglo,John,Shatswell
Anglo,Johnathan,Abdalla
Anglo,Johnathan,Claes
Anglo,Johnathan,Pezzano
Anglo,Johnathan,Woskobojnik
Anglo,Johnathon,Breslawski
Anglo,Johnathon,Hill
Anglo,Johnathon,Traino
Anglo,Johnathon,Tschannen
Anglo,Johnie,Collari
Anglo,Johnie,Gadison
Anglo,Johnie,Millich
Anglo,Johnie,Stickman
Anglo,Johnnie,Carmolli
Anglo,Johnnie,Erazmus
Anglo,Johnnie,Jeschon
Anglo,Johnnie,Kinaj
Anglo,Johnnie,Malouff
Anglo,Johnny,Tankard
Anglo,Johnson,Castello
Anglo,Johnson,Patnode
Anglo,Jon,Gagliardotto
Anglo,Jonas,Iannaccone
Anglo,Jonas,Modique
Anglo,Jonas,Moser
Anglo,Jonas,Nowaczyk
Anglo,Jonas,Saven
Anglo,Jonas,Wimpee
Anglo,Jonathan,Eddy
Anglo,Jonathan,Grebs
Anglo,Jonathon,Rashed
Anglo,Jonathon,Seecharran
Anglo,Jordan,Ackles
Anglo,Jordan,Brazzle
Anglo,Jordan,Metoxen
Anglo,Jordan,Nasti
Anglo,Jordan,Piganelli
Anglo,Jordon,Brounson
Anglo,Jordon,Hazelton
Anglo,Jordon,Marchello
Anglo,Josef,Leggs
Anglo,Josef,Yacono
Anglo,Joseph,Bispham
Anglo,Joseph,Fallen
Anglo,Josh,Belnap
Anglo,Josh,Kosoff
Anglo,Josh,Sund
Anglo,Joshua,Uitz
Anglo,Josue,Boutwell
Anglo,Josue,Decker
Anglo,Josue,Reagans
Anglo,Jude,Scharf
Anglo,Jude,Snoderly
Anglo,Judson,Houseal
Anglo,Jules,Broadway
Anglo,Julian,Budin
Anglo,Julian,Dayal
Anglo,Julian,Detten
Anglo,Julio,Marlett
Anglo,Julio,Tonks
Anglo,Junior,Giordano
Anglo,Junior,Litecky
Anglo,Justin,Houghland
Anglo,Justin,Lovenduski
Anglo,Justin,Olnick
Anglo,Justin,Plevin
Anglo,Karl,Foskett
Anglo,Karl,Haw
Anglo,Karl,Randolph
Anglo,Karl,Rotter
Anglo,Karl,Weight
Anglo,Keenan,Bramucci
Anglo,Keith,Botdorf
Anglo,Keith,Postuci
Anglo,Kelley,Baerman
Anglo,Kelley,Charlton
Anglo,Kelley,Prichett
Anglo,Kelley,Raul
Anglo,Kelly,Elsaesser
Anglo,Kelvin,Mastine
Anglo,Kelvin,Shanks
Anglo,Kendall,Buresh
Anglo,Kendall,Kinabrew
Anglo,Kendrick,Denogean
Anglo,Keneth,Dec
Anglo,Keneth,Plush
Anglo,Keneth,Swinney
Anglo,Kenneth,Barragan
Anglo,Kent,Demeo
Anglo,Kent,Guerreiro
Anglo,Kent,Kozielski
Anglo,Kent,Pelland
Anglo,Kenton,Meck
Anglo,Kerry,Demer
Anglo,Kerry,Hazinski
Anglo,Kerry,Polivick
Anglo,Kerry,Swopshire
Anglo,Kerry,Torry
Anglo,Keven,Egner
Anglo,Keven,Squair
Anglo,Keven,Vesperas
Anglo,Kevin,Launius
Anglo,Kevin,Saxena
Anglo,Kieth,Becvar
Anglo,Kim,Schroy
Anglo,King,Hickmon
Anglo,Kip,Fielder
Anglo,Kip,Heartley
Anglo,Kip,Karn
Anglo,Kip,Tonneson
Anglo,Kirby,Hoops
Anglo,Kirby,Salazak
Anglo,Kirk,Rendina
Anglo,Kory,Ingegneri
Anglo,Kraig,Horine
Anglo,Kraig,Jabiro
Anglo,Kris,Saltourides
Anglo,Kris,Sieben
Anglo,Kristofer,Katoa
Anglo,Kristofer,Kinstle
Anglo,Kristopher,Lamarta
Anglo,Kurt,Bartucci
Anglo,Kurt,Gangemi
Anglo,Kurt,Lapre
Anglo,Kurt,Vangompel
Anglo,Kyle,Forry
Anglo,Kyle,Henley
Anglo,Kyle,Kornn
Anglo,Lacy,Doudna
Anglo,Lacy,Lutwin
Anglo,Lamar,Hosea
Anglo,Lamar,Pelyo
Anglo,Lamont,Mosqueda
Anglo,Lance,Batra
Anglo,Lance,Brizeno
Anglo,Lance,Jastremski
Anglo,Landon,Bolieu
Anglo,Landon,Schriner
Anglo,Landon,Six
Anglo,Lane,Lajoy
Anglo,Lane,Ominelli
Anglo,Lanny,Cruser
Anglo,Lanny,Doney
Anglo,Lanny,Ennen
Anglo,Lanny,Molles
Anglo,Lanny,Sonkin
Anglo,Larry,Bruzas
Anglo,Larry,Pozo
Anglo,Larry,Reibsome
Anglo,Larry,Schueren
Anglo,Lauren,Schaberg
Anglo,Laurence,Camus
Anglo,Laurence,Knaphus
Anglo,Lavern,Hartel
Anglo,Lavern,Leandry
Anglo,Laverne,Torina
Anglo,Lawerence,Lydic
Anglo,Lawerence,Savely
Anglo,Lawrence,Demeester
Anglo,Lawrence,Ptaszynski
Anglo,Lawrence,Sparaco
Anglo,Lazaro,Frueh
Anglo,Lazaro,Polton
Anglo,Lee,Brugal
Anglo,Lee,Mirante
Anglo,Leif,Dangelo
Anglo,Leigh,Bogin
Anglo,Leigh,Boorman
Anglo,Leigh,Rakus
Anglo,Leigh,Schoenmaker
Anglo,Lemuel,Copenhaver
Anglo,Len,Almasi
Anglo,Len,Joffe
Anglo,Len,Lesa
Anglo,Len,Neis
Anglo,Len,Schlageter
Anglo,Lenard,Batara
Anglo,Lenard,Delaroca
Anglo,Lenard,Krichbaum
Anglo,Lenard,Liebel
Anglo,Lenard,Rost
Anglo,Lenny,Graybill
Anglo,Lenny,Haysbert
Anglo,Lenny,Theodore
Anglo,Leo,Mahaley
Anglo,Leo,Vidalez
Anglo,Leonard,Korby
Anglo,Leonard,Rita
Anglo,Leonardo,Dearinger
Anglo,Leonardo,Roggeman
Anglo,Leonardo,Sur
Anglo,Leonel,Bittel
Anglo,Leonel,Gresham
Anglo,Leonel,Waide
Anglo,Leopoldo,Byczek
Anglo,Leopoldo,Grasser
Anglo,Leopoldo,Isome
Anglo,Leopoldo,Pince
Anglo,Les,Mcgavock
Anglo,Les,Stiebel
Anglo,Lesley,Centorino
Anglo,Leslie,Schaffert
Anglo,Lester,Dziedzic
Anglo,Lester,Gatchell
Anglo,Lester,Schwetz
Anglo,Lester,Spasiano
Anglo,Levi,Addy
Anglo,Levi,Christman
Anglo,Levi,Marengo
Anglo,Lincoln,Geidl
Anglo,Lincoln,Ham
Anglo,Lincoln,Kuyper
Anglo,Lincoln,Passino
Anglo,Lincoln,Peyatt
Anglo,Lindsay,Martina
Anglo,Lindsay,Pachlin
Anglo,Linwood,Diak
Anglo,Linwood,Huewe
Anglo,Lionel,Kelton
Anglo,Logan,Frontz
Anglo,Logan,Menninger
Anglo,Logan,Priest
Anglo,Logan,Sposito
Anglo,Lon,Flannigan
Anglo,Long,Drinnon
Anglo,Lonnie,Alderton
Anglo,Lonnie,Kroell
Anglo,Lonnie,Minteer
Anglo,Lonnie,Nozum
Anglo,Lonny,Shoupe
Anglo,Loren,Christoffer
Anglo,Loren,Cleaveland
Anglo,Loren,Haskovec
Anglo,Loren,Ostendorff
Anglo,Lorenzo,Favolise
Anglo,Lorenzo,Shack
Anglo,Lorenzo,Unkn
Anglo,Lou,Artale
Anglo,Lou,Henehan
Anglo,Lou,Hoerter
Anglo,Lou,Schange
Anglo,Louie,Derrico
Anglo,Louie,Slaight
Anglo,Louie,Topper
Anglo,Louis,Chancy
Anglo,Lowell,Aguallo
Anglo,Lowell,Haertel
Anglo,Loyd,Bellantuono
Anglo,Loyd,Riggie
Anglo,Luciano,Hudok
Anglo,Lucien,Blumenkrantz
Anglo,Lucien,Number
Anglo,Lucius,Cowick
Anglo,Lucius,Schwien
Anglo,Luigi,Pasinski
Anglo,Luke,Glessner
Anglo,Luke,Ruyter
Anglo,Luther,Battiata
Anglo,Luther,Diven
Anglo,Luther,Padel
Anglo,Luther,Primo
Anglo,Luther,Weirauch
Anglo,Lyle,Bottenfield
Anglo,Lyle,Uhrmacher
Anglo,Lyman,Cabal
Anglo,Lyman,Heilig
Anglo,Lyman,Klepper
Anglo,Lyndon,Bieri
Anglo,Lynn,Dukette
Anglo,Lynn,Kious
Anglo,Lynn,Matterson
Anglo,Lynn,Orrego
Anglo,Lynwood,Iglehart
Anglo,Lynwood,Jimerez
Anglo,Lynwood,Rowman
Anglo,Mac,Laurenceau
Anglo,Major,Eans
Anglo,Major,Minihane
Anglo,Major,Minzy
Anglo,Malcolm,Fanti
Anglo,Malcolm,Schuh
Anglo,Malcolm,Unavailable
Anglo,Malcom,Filteau
Anglo,Malcom,Matzinger
Anglo,Man,Antonakos
Anglo,Man,Dyl
Anglo,Man,Gabaree
Anglo,Man,Schear
Anglo,Manual,Brasseux
Anglo,Manual,Justesen
Anglo,Marc,Laborde
Anglo,Marc,Neumeister
Anglo,Marc,Wooward
Anglo,Marcel,Goyen
Anglo,Marcelino,Terbush
Anglo,Marcellus,Aubin
Anglo,Marcellus,Purtell
Anglo,Marcelo,Nagelschmidt
Anglo,Marcelo,Rubulcaba
Anglo,Marcelo,Sora
Anglo,Marco,Florin
Anglo,Marco,Skarke
Anglo,Marcos,Esplain
Anglo,Marcos,Hickinbotham
Anglo,Marcos,Murchie
Anglo,Marcos,Ort
Anglo,Marcus,Burbridge
Anglo,Margarito,Gouras
Anglo,Margarito,Mako
Anglo,Margarito,Rolfsen
Anglo,Margarito,Skalak
Anglo,Margarito,Waggy
Anglo,Maria,Flucas
Anglo,Maria,Ronchetti
Anglo,Mariano,Jensvold
Anglo,Mariano,Syed
Anglo,Mario,Knab
Anglo,Marion,Fotheringham
Anglo,Marion,Kraasch
Anglo,Marion,Kujat
Anglo,Mark,Fulfer
Anglo,Mark,Mazierski
Anglo,Markus,Orso
Anglo,Marlin,Alvanez
Anglo,Marlon,Corneil
Anglo,Marquis,Caricofe
Anglo,Marquis,Ellenbogen
Anglo,Marquis,Keobaunleuang
Anglo,Marquis,Lewandowski
Anglo,Marshall,Griffis
Anglo,Marshall,Grimley
Anglo,Marshall,Mcclenahan
Anglo,Marshall,Sidoti
Anglo,Martin,Gobeli
Anglo,Martin,Shinnick
Anglo,Marty,Goben
Anglo,Mary,Genta
Anglo,Mary,Hibberd
Anglo,Mary,Marroquin
Anglo,Mary,Sturdevant
Anglo,Mason,Lamber
Anglo,Mason,Perrish
Anglo,Mason,Rutar
Anglo,Mathew,Sowash
Anglo,Matt,Soucier
Anglo,Maurice,Dekruif
Anglo,Maurice,Ellard
Anglo,Mauricio,Finne
Anglo,Mauricio,Ghaemmaghami
Anglo,Mauricio,Reyolds
Anglo,Mauro,Aquilina
Anglo,Mauro,Pavelich
Anglo,Mauro,Watchorn
Anglo,Max,Gingles
Anglo,Maximo,Debow
Anglo,Maximo,Dellis
Anglo,Maximo,Menear
Anglo,Maximo,Momper
Anglo,Maximo,Phenix
Anglo,Maynard,Boyarski
Anglo,Mckinley,Fariello
Anglo,Mckinley,Huey
Anglo,Mckinley,Pachelo
Anglo,Mckinley,Tabisola
Anglo,Mel,Blatt
Anglo,Mel,Deckard
Anglo,Mel,Tienda
Anglo,Melvin,Alvero
Anglo,Merle,Mitrani
Anglo,Merle,Saetern
Anglo,Merle,Zieler
Anglo,Merrill,Crespin
Anglo,Merrill,Kaufman
Anglo,Merrill,Legacy
Anglo,Merrill,Lowy
Anglo,Merrill,Quilliam
Anglo,Mervin,Cleath
Anglo,Mervin,Diulio
Anglo,Micah,Hu
Anglo,Micah,Reichmann
Anglo,Michael,Sartore
Anglo,Michael,Zeni
Anglo,Michal,Okuna
Anglo,Michale,Loncaric
Anglo,Michale,Semenec
Anglo,Micheal,Kanaris
Anglo,Micheal,Puri
Anglo,Michel,Barsegyan
Anglo,Michel,Rayno
Anglo,Michel,Vicoy
Anglo,Mickey,Alvord
Anglo,Mike,Andonian
Anglo,Mike,Effner
Anglo,Mike,Labate
Anglo,Mike,Rosenau
Anglo,Mike,Solima
Anglo,Mike,Terney
Anglo,Mikel,Bogaert
Anglo,Mikel,Casarrubias
Anglo,Mikel,Hornor
Anglo,Milan,Pacifico
Anglo,Miles,Bendy
Anglo,Miles,Lachino
Anglo,Miles,Melby
Anglo,Miles,Salabarria
Anglo,Milford,Hickernell
Anglo,Milford,Langen
Anglo,Milford,Schlee
Anglo,Millard,Kappe
Anglo,Millard,Klawitter
Anglo,Millard,Paske
Anglo,Millard,Rumore
Anglo,Milo,Ellson
Anglo,Milo,Hoscheit
Anglo,Milo,Kaspari
Anglo,Milton,Barer
Anglo,Milton,Blankenberg
Anglo,Milton,Sinkiewicz
Anglo,Minh,Guthary
Anglo,Miquel,Natt
Anglo,Mitchell,Dieterich
Anglo,Mitchell,Garb
Anglo,Mitchell,Gaumond
Anglo,Mitchell,Licausi
Anglo,Modesto,Connely
Anglo,Mohammed,Bosquet
Anglo,Mohammed,Davirro
Anglo,Mohammed,Donica
Anglo,Moises,Akana
Anglo,Moises,Lionetti
Anglo,Moises,Mensah
Anglo,Moises,Schak
Anglo,Monroe,Peredz
Anglo,Monroe,Trucks
Anglo,Monroe,Tyo
Anglo,Monte,Latif
Anglo,Monte,Turturo
Anglo,Monte,Yeo
Anglo,Monty,Apollo
Anglo,Monty,Modero
Anglo,Monty,Rathfon
Anglo,Morton,Genao
Anglo,Morton,Ghiorso
Anglo,Morton,Glazewski
Anglo,Morton,Okwuona
Anglo,Mose,Haasch
Anglo,Mose,Hadson
Anglo,Mose,Rossing
Anglo,Moses,Sleet
Anglo,Moses,Zitzelberger
Anglo,Myles,Eken
Anglo,Myles,Hales
Anglo,Myles,Seekford
Anglo,Myron,Hakes
Anglo,Napoleon,Dipippo
Anglo,Nathan,Sanghani
Anglo,Nathanial,Heineman
Anglo,Nathanial,Whetstone
Anglo,Nathaniel,Brue
Anglo,Nathaniel,Laper
Anglo,Nathaniel,Szydlowski
Anglo,Neal,Figliola
Anglo,Neal,Stieb
Anglo,Neal,Vollman
Anglo,Ned,Cuadrado
Anglo,Ned,Ivey
Anglo,Ned,Mignone
Anglo,Nelson,Batdorf
Anglo,Neville,Bonillo
Anglo,Neville,Feely
Anglo,Neville,Sandlian
Anglo,Neville,Spigner
Anglo,Newton,Caporale
Anglo,Newton,Schuetz
Anglo,Nicholas,Benford
Anglo,Nicholas,Locantore
Anglo,Nicholas,Presume
Anglo,Nicholas,Taruer
Anglo,Nick,Hern
Anglo,Nick,Piwowar
Anglo,Nickolas,Barcelona
Anglo,Nicky,Cloffi
Anglo,Nicky,Vandine
Anglo,Nicolas,Cappas
Anglo,Nicolas,Diestel
Anglo,Nicolas,Reola
Anglo,Nigel,Bielecki
Anglo,Nigel,Wheeler
Anglo,Nigel,Wohlschlegel
Anglo,Noah,Coit
Anglo,Noble,Macri
Anglo,Noble,Woehr
Anglo,Noe,Jirik
Anglo,Noe,Mascia
Anglo,Noe,Salomone
Anglo,Noel,Filarecki
Anglo,Noel,Hagarty
Anglo,Noel,Rentoulis
Anglo,Noel,Rott
Anglo,Noel,Tua
Anglo,Noel,Verd
Anglo,Nolan,Conti
Anglo,Norberto,Cresencio
Anglo,Norberto,Seara
Anglo,Norris,Corping
Anglo,Norris,Hay
Anglo,Numbers,Charest
Anglo,Numbers,Kuhls
Anglo,Numbers,Lamoreau
Anglo,Octavio,Beeks
Anglo,Octavio,Hoggatt
Anglo,Octavio,Ogram
Anglo,Odis,Bostelman
Anglo,Odis,Carney
Anglo,Odis,Vanhampler
Anglo,Olen,Isaacsen
Anglo,Olen,Sniffen
Anglo,Olen,Spirer
Anglo,Olen,Venzke
Anglo,Olin,Kovats
Anglo,Olin,Tijerino
Anglo,Oliver,Liggans
Anglo,Ollie,Matarese
Anglo,Omar,Garay
Anglo,Omar,Gavel
Anglo,Omar,Marples
Anglo,Omar,Moen
Anglo,Omar,Roddey
Anglo,Omar,Surina
Anglo,Omer,Kimbley
Anglo,Omer,Obrien
Anglo,Oren,Hanning
Anglo,Oren,Lobstein
Anglo,Oren,Weigl
Anglo,Orlando,Denski
Anglo,Orville,Hagle
Anglo,Orville,Lotti
Anglo,Orville,Odam
Anglo,Oscar,Baltz
Anglo,Oscar,Laxton
Anglo,Oscar,Oetzel
Anglo,Osvaldo,Rzeczycki
Anglo,Otis,Hurni
Anglo,Otis,Mihal
Anglo,Otis,Romero
Anglo,Otis,Tencer
Anglo,Otto,Mclagan
Anglo,Otto,Parlor
Anglo,Otto,Tirado
Anglo,Owen,Cushen
Anglo,Owen,Edens
Anglo,Owen,Klopfenstein
Anglo,Owen,Machuca
Anglo,Pablo,Flannigan
Anglo,Pablo,Pilbin
Anglo,Pablo,Verhines
Anglo,Pablo,Zocklein
Anglo,Palmer,Ooton
Anglo,Parker,Bressman
Anglo,Parker,Deso
Anglo,Parker,Lueck
Anglo,Parker,Overdorf
Anglo,Pasquale,Elvsaas
Anglo,Pasquale,Hellweg
Anglo,Pat,Robbs
Anglo,Patricia,Allday
Anglo,Patrick,Bloeser
Anglo,Paul,Mazey
Anglo,Perry,Dargan
Anglo,Pete,Gros
Anglo,Pete,Huisenga
Anglo,Pete,Lessa
Anglo,Pete,Wathen
Anglo,Pete,Winge
Anglo,Phil,Eagen
Anglo,Philip,Latini
Anglo,Phillip,Morgan
Anglo,Phillip,Sholtis
Anglo,Phillip,Sweeton
Anglo,Pierre,Kolb
Anglo,Porter,Baldus
Anglo,Porter,Magnus
Anglo,Preston,Zaragosa
Anglo,Prince,Snowdon
Anglo,Quentin,Baff
Anglo,Quentin,Harker
Anglo,Quentin,Hymer
Anglo,Quentin,Kunc
Anglo,Quincy,Defrates
Anglo,Quincy,Essary
Anglo,Quincy,Lamirande
Anglo,Quincy,Palmios
Anglo,Quinn,Tollison
Anglo,Quintin,Domingus
Anglo,Quintin,Golt
Anglo,Ralph,Olivarres
Anglo,Ramiro,Westbury
Anglo,Ramon,Neuenswander
Anglo,Randal,Alkins
Anglo,Randal,Horn
Anglo,Randal,Vecellio
Anglo,Randall,Tselee
Anglo,Randell,Devoe
Anglo,Randell,Hartje
Anglo,Randell,Larochelle
Anglo,Randolph,Depeyster
Anglo,Randolph,Mcmath
Anglo,Randolph,Shamburg
Anglo,Randolph,Smerkar
Anglo,Randy,Escorcia
Anglo,Randy,Pagon
Anglo,Raphael,Bigler
Anglo,Rashad,Foos
Anglo,Rashad,Mittelstadt
Anglo,Rashad,Mockbee
Anglo,Ray,Alstad
Anglo,Ray,Puente
Anglo,Ray,Wadsworth
Anglo,Rayford,Hotelling
Anglo,Rayford,Ling
Anglo,Raymon,Schexnayder
Anglo,Raymond,Fischbein
Anglo,Raymond,Klyce
Anglo,Raymond,Petitto
Anglo,Raymundo,Kampen
Anglo,Raymundo,Terrones
Anglo,Reed,Hohiudden
Anglo,Refugio,Stettler
Anglo,Reggie,Machnik
Anglo,Reggie,Shelhorse
Anglo,Reginald,Auble
Anglo,Reginald,Orban
Anglo,Reginald,Shivy
Anglo,Reid,Feris
Anglo,Reinaldo,Pilgreen
Anglo,Reinaldo,Reinmann
Anglo,Reinaldo,Sparkman
Anglo,Renaldo,Dwyar
Anglo,Renaldo,Umana
Anglo,Rene,Durr
Anglo,Rene,Lattrell
Anglo,Rene,Mcgurl
Anglo,Rene,Yewell
Anglo,Reuben,Ballowe
Anglo,Reuben,Easton
Anglo,Reuben,Osterstuck
Anglo,Reuben,Sultaire
Anglo,Reuben,Valles
Anglo,Reuben,Wing
Anglo,Reyes,Dicapua
Anglo,Reyes,Pedley
Anglo,Rhett,Mearing
Anglo,Rich,Beshero
Anglo,Rich,Lajeunesse
Anglo,Richard,Amadon
Anglo,Richard,Noseff
Anglo,Richard,Pocius
Anglo,Richard,Zappa
Anglo,Richie,Smulik
Anglo,Rick,Soukup
Anglo,Rickey,Huntoon
Anglo,Rickey,Oelschlager
Anglo,Rickey,Vanslander
Anglo,Rickie,Beus
Anglo,Ricky,Barbarin
Anglo,Ricky,Kuchle
Anglo,Rico,Banfield
Anglo,Rico,Riedl
Anglo,Rico,Tovey
Anglo,Rico,Vandagriff
Anglo,Rigoberto,Athan
Anglo,Rigoberto,Depaul
Anglo,Rigoberto,Minert
Anglo,Riley,Plowden
Anglo,Riley,Wolinski
Anglo,Rob,Eckes
Anglo,Rob,Moreman
Anglo,Robbie,Engl
Anglo,Robby,Wanzer
Anglo,Robert,Ashurst
Anglo,Robert,Dortch
Anglo,Robert,Orhenkowski
Anglo,Robert,Perrodin
Anglo,Robert,Ragle
Anglo,Robin,Manzur
Anglo,Robt,Callicott
Anglo,Rocco,Debuhr
Anglo,Rocco,Guidrey
Anglo,Rocco,Swatt
Anglo,Rod,Molima
Anglo,Rod,Ode
Anglo,Rod,Schimel
Anglo,Roderick,Grieb
Anglo,Roderick,Kodama
Anglo,Roderick,Respass
Anglo,Rodger,Jurgensmeier
Anglo,Rodger,Net
Anglo,Rodger,Sadan
Anglo,Rodger,Wagaman
Anglo,Rodney,Clibon
Anglo,Rodney,Ronda
Anglo,Rodney,Taffer
Anglo,Rodrick,Hysquierdo
Anglo,Rodrick,Michalek
Anglo,Rodrigo,Vittitoe
Anglo,Rogelio,Barranca
Anglo,Rogelio,Thelin
Anglo,Roland,Crudup
Anglo,Roland,Hinken
Anglo,Roland,Longhi
Anglo,Rolando,Dasch
Anglo,Rolando,Muzzey
Anglo,Rolland,Cranker
Anglo,Rolland,Meraz
Anglo,Rolland,Netrosio
Anglo,Roman,Baucum
Anglo,Roman,Fitzgibbons
Anglo,Roman,Lown
Anglo,Roman,Threlfall
Anglo,Ron,Gerardi
Anglo,Ron,Littich
Anglo,Ron,Phebus
Anglo,Ronald,Bielefeld
Anglo,Ronald,Hetland
Anglo,Ronny,Fradkin
Anglo,Ronny,Kerksiek
Anglo,Ronny,Niver
Anglo,Ronny,Thurstonson
Anglo,Ronny,Vantrump
Anglo,Roosevelt,Burkstrand
Anglo,Roosevelt,Desmet
Anglo,Rory,Bachan
Anglo,Rory,Dash
Anglo,Rory,Hullender
Anglo,Rosario,Abbington
Anglo,Rosario,Denyes
Anglo,Rosario,Lafave
Anglo,Roscoe,Gohlke
Anglo,Roscoe,Like
Anglo,Ross,Babione
Anglo,Ross,Buteaux
Anglo,Ross,Dolhun
Anglo,Royal,Slingluff
Anglo,Royce,Barze
Anglo,Royce,Dolinger
Anglo,Royce,Kamer
Anglo,Royce,Liburd
Anglo,Royce,Maheu
Anglo,Royce,Morsberger
Anglo,Ruben,Menez
Anglo,Ruben,Zorc
Anglo,Rubin,Ridep
Anglo,Rubin,Sexson
Anglo,Rudolf,Alfero
Anglo,Rudolf,Gibson
Anglo,Rudolph,Laidlaw
Anglo,Rudolph,Nina
Anglo,Rudy,Imamura
Anglo,Rudy,Moland
Anglo,Rueben,Guderjahn
Anglo,Rueben,Penrose
Anglo,Rupert,Cornutt
Anglo,Rupert,Dafonte
Anglo,Rupert,Drue
Anglo,Rupert,Ten
Anglo,Russ,Mefferd
Anglo,Russ,Tomlinson
Anglo,Russ,Tooks
Anglo,Russel,Bart
Anglo,Russel,Blackburn
Anglo,Russel,Cecilia
Anglo,Russel,Heiberger
Anglo,Russel,Lurey
Anglo,Russel,Zabielski
Anglo,Russell,Garvis
Anglo,Russell,Read
Anglo,Russell,Sherill
Anglo,Russell,Tajiri
Anglo,Ryan,Vanecek
Anglo,Salvador,Otomo
Anglo,Salvador,Rood
Anglo,Salvatore,Barbie
Anglo,Salvatore,Jaeschke
Anglo,Sam,Hellar
Anglo,Sam,Thamphia
Anglo,Sammy,Bacurin
Anglo,Sammy,Blackwater
Anglo,Sammy,Hooey
Anglo,Samual,Myree
Anglo,Samuel,Breger
Anglo,Samuel,Tappendorf
Anglo,Samuel,Tix
Anglo,Sandy,Bex
Anglo,Sandy,Eskins
Anglo,Sandy,Lanfor
Anglo,Sanford,Haseman
Anglo,Sanford,Stromyer
Anglo,Sang,Burlile
Anglo,Sang,Wolfley
Anglo,Santiago,Dusky
Anglo,Santiago,Ellie
Anglo,Santiago,Schrotenboer
Anglo,Santos,Demulling
Anglo,Saul,Nickless
Anglo,Scot,Glock
Anglo,Scot,Mccarter
Anglo,Scot,Stallsworth
Anglo,Scott,Akuchie
Anglo,Scott,Bosshardt
Anglo,Scott,Bourgois
Anglo,Scott,Gerling
Anglo,Scottie,Huffine
Anglo,Scottie,Valenzuela
Anglo,Scotty,Desrosiers
Anglo,Scotty,Finey
Anglo,Scotty,Sorgente
Anglo,Sean,Burstein
Anglo,Sean,Laurenceau
Anglo,Sebastian,Garan
Anglo,Sergio,Olinsky
Anglo,Seth,Driggins
Anglo,Seth,Ingrassia
Anglo,Seymour,Grew
Anglo,Seymour,Hanhan
Anglo,Seymour,Hirao
Anglo,Seymour,Mctigue
Anglo,Shad,Iseman
Anglo,Shad,Malcom
Anglo,Shad,Mcmeel
Anglo,Shad,Wheadon
Anglo,Shane,Arizola
Anglo,Shane,Montfort
Anglo,Shane,Polselli
Anglo,Shannon,Scheuring
Anglo,Shannon,Wrobbel
Anglo,Shaun,Chernoff
Anglo,Shaun,Defeo
Anglo,Shaun,Viessman
Anglo,Shawn,Bohaty
Anglo,Shawn,Peralto
Anglo,Shawn,Tesar
Anglo,Shayne,Korpal
Anglo,Shelby,Broadway
Anglo,Shelby,Honnold
Anglo,Sheldon,Gosset
Anglo,Sheldon,Trogstad
Anglo,Shelton,Turziano
Anglo,Sherman,Cusworth
Anglo,Sherman,Santrizos
Anglo,Sherwood,Jomes
Anglo,Shirley,Arbetman
Anglo,Shon,Stuck
Anglo,Sid,Broas
Anglo,Sid,Laye
Anglo,Silas,Bodor
Anglo,Silas,Fahrenbruck
Anglo,Silas,Layell
Anglo,Silas,Loubier
Anglo,Silas,Pavelka
Anglo,Silas,Rasey
Anglo,Silas,Trepagnier
Anglo,Silas,Vignaux
Anglo,Simon,Gronitz
Anglo,Sol,Bovey
Anglo,Sol,Obyrne
Anglo,Solomon,Piszczatowski
Anglo,Solomon,Sorley
Anglo,Son,Faber
Anglo,Son,Goslee
Anglo,Son,Grosso
Anglo,Son,Mcmilleon
Anglo,Sonny,Kiel
Anglo,Sonny,Marcinkowski
Anglo,Spencer,Biller
Anglo,Spencer,Gramham
Anglo,Spencer,Reimers
Anglo,Stacey,Goldman
Anglo,Stacey,Pettett
Anglo,Stacy,Kilpatrick
Anglo,Stacy,Legere
Anglo,Stanford,Alexender
Anglo,Stanford,Murrah
Anglo,Stanford,Rentschler
Anglo,Stanford,Sanders
Anglo,Stanford,Zaic
Anglo,Stanley,Ashdown
Anglo,Stanton,Cookson
Anglo,Stanton,Crafts
Anglo,Stanton,Durbin
Anglo,Stanton,Lascaro
Anglo,Stefan,Goslee
Anglo,Stefan,Merrill
Anglo,Stephan,Chavana
Anglo,Stephan,Schegetz
Anglo,Sterling,Baeskens
Anglo,Sterling,Godnick
Anglo,Sterling,Shandy
Anglo,Steve,Liford
Anglo,Steve,Taulman
Anglo,Steven,Rangasammy
Anglo,Steven,Tellefsen
Anglo,Stevie,Ballow
Anglo,Stevie,Folta
Anglo,Stewart,Mascioli
Anglo,Stewart,Schellenger
Anglo,Stuart,Nogueira
Anglo,Stuart,Whitener
Anglo,Sydney,Blue
Anglo,Sydney,Perches
Anglo,Sydney,Robinso
Anglo,Sylvester,Bustad
Anglo,Sylvester,Gerson
Anglo,Tad,Gaby
Anglo,Tad,Maciarello
Anglo,Tanner,Mayden
Anglo,Tanner,Resto
Anglo,Tanner,Stoutner
Anglo,Taylor,Arave
Anglo,Taylor,Aumann
Anglo,Taylor,Melanson
Anglo,Ted,Ashmead
Anglo,Ted,Krus
Anglo,Teddy,Pong
Anglo,Teddy,Vlahovich
Anglo,Teodoro,Kassner
Anglo,Teodoro,Trumball
Anglo,Terence,Bonawitz
Anglo,Terence,Dadey
Anglo,Terence,Sossamon
Anglo,Terrance,Backbone
Anglo,Terrance,Rackers
Anglo,Terrance,Sawtell
Anglo,Terrance,Sidi
Anglo,Terrell,Lapinsky
Anglo,Terrell,Michniak
Anglo,Terrence,Aucter
Anglo,Terrence,Czysz
Anglo,Terrence,Degre
Anglo,Thad,Glew
Anglo,Thad,Toniatti
Anglo,Thaddeus,Ledlie
Anglo,Thaddeus,Lingo
Anglo,Thaddeus,Starnes
Anglo,Thanh,Gavan
Anglo,Thanh,Wellen
Anglo,Theo,Czachor
Anglo,Theo,Forsgren
Anglo,Theo,Longknife
Anglo,Theo,Pillers
Anglo,Theo,Taplin
Anglo,Theodore,Matice
Anglo,Theodore,Rarey
Anglo,Theron,Monzo
Anglo,Thomas,Ballweg
Anglo,Thurman,Arcilla
Anglo,Tim,Ledley
Anglo,Tim,Naret
Anglo,Tim,Rasole
Anglo,Tim,Wannamaker
Anglo,Tim,Wigginton
Anglo,Timmy,Altschuler
Anglo,Titus,Ettl
Anglo,Titus,Sandler
Anglo,Titus,Shearin
Anglo,Tobias,Cademartori
Anglo,Tobias,Fortgang
Anglo,Tobias,Guffanti
Anglo,Tobias,Kinzinger
Anglo,Tobias,Poppert
Anglo,Tobias,Schane
Anglo,Toby,Santorelli
Anglo,Tod,Franco
Anglo,Tod,Lantaff
Anglo,Tod,Violett
Anglo,Todd,Andreoni
Anglo,Todd,Denoyer
Anglo,Todd,Kanoon
Anglo,Todd,Maker
Anglo,Tom,Arner
Anglo,Tom,Vlach
Anglo,Tomas,Alvizo
Anglo,Tomas,Paswaters
Anglo,Tomas,Samora
Anglo,Tomas,Vosberg
Anglo,Tommie,Bloch
Anglo,Tommie,Tuy
Anglo,Tommy,Hanlon
Anglo,Tommy,Kha
Anglo,Tommy,Voeltner
Anglo,Toney,Boehner
Anglo,Tony,Kerl
Anglo,Tory,Silvertooth
Anglo,Tracey,Acheampong
Anglo,Tracey,Mazikowski
Anglo,Tracey,Peeler
Anglo,Tracy,Stitt
Anglo,Trent,Curz
Anglo,Trent,Turso
Anglo,Trenton,Dorset
Anglo,Trenton,Frantum
Anglo,Trenton,Turocy
Anglo,Trevor,Dimanche
Anglo,Trevor,Kientzy
Anglo,Trevor,Wassmann
Anglo,Trey,Roebuck
Anglo,Trinidad,Brownsberger
Anglo,Trinidad,Vilello
Anglo,Troy,Irie
Anglo,Tuan,Bulgrin
Anglo,Tuan,Reichenbach
Anglo,Tuan,Shipe
Anglo,Tyler,Discala
Anglo,Tyler,Hobbins
Anglo,Tyler,Rozell
Anglo,Tyree,Drenning
Anglo,Tyree,Sanos
Anglo,Tyrell,Leonpacher
Anglo,Tyron,Cozad
Anglo,Tyron,Hogsett
Anglo,Tyron,Reau
Anglo,Tyson,Schupp
Anglo,Tyson,Sportsman
Anglo,Ulysses,Dennies
Anglo,Ulysses,Menges
Anglo,Ulysses,Wassell
Anglo,Val,Buonocore
Anglo,Val,Coffie
Anglo,Val,Holland
Anglo,Val,Tuckey
Anglo,Valentine,Gunzalez
Anglo,Van,Claman
Anglo,Van,Marchant
Anglo,Van,Servedio
Anglo,Vance,Audain
Anglo,Vance,Ceranski
Anglo,Vaughn,Barbella
Anglo,Vern,Ritenour
Anglo,Vern,Winkelbauer
Anglo,Vernon,Benek
Anglo,Vernon,Klett
Anglo,Vernon,Ortolf
Anglo,Vernon,Sprvill
Anglo,Vicente,Nimick
Anglo,Victor,Ketcher
Anglo,Vince,Dahline
Anglo,Vince,Lauckner
Anglo,Vince,Volbert
Anglo,Vincenzo,Kaiktsian
Anglo,Vincenzo,Sodaro
Anglo,Virgil,Hansberger
Anglo,Virgil,Lougee
Anglo,Virgil,Oatman
Anglo,Virgil,Zettlemoyer
Anglo,Virgilio,Gamero
Anglo,Virgilio,Pagano
Anglo,Vito,Birkenmeier
Anglo,Vito,Gherardini
Anglo,Vito,Landy
Anglo,Vito,Szypowski
Anglo,Von,Hare
Anglo,Von,Krawczyk
Anglo,Von,Volmer
Anglo,Wade,Linnell
Anglo,Wade,Troke
Anglo,Waldo,Odomes
Anglo,Wallace,Azhocar
Anglo,Wallace,Saas
Anglo,Wally,Cruel
Anglo,Wally,Mondok
Anglo,Wally,Sambor
Anglo,Wally,Toher
Anglo,Walter,Cager
Anglo,Walter,Stpierre
Anglo,Ward,Shelly
Anglo,Warren,Gulke
Anglo,Warren,Hazzard
Anglo,Waylon,Hykes
Anglo,Waylon,Vinci
Anglo,Weldon,Caughman
Anglo,Weldon,Floore
Anglo,Weldon,Seesholtz
Anglo,Werner,Canzoneri
Anglo,Werner,Mokbel
Anglo,Wes,Gordon
Anglo,Wesley,Comly
Anglo,Wesley,Kreatsoulas
Anglo,Weston,Gesselli
Anglo,Weston,Redick
Anglo,Weston,Rubens
Anglo,Whitney,Dee
Anglo,Whitney,Lastufka
Anglo,Wilber,Kuna
Anglo,Wilber,Mcamis
Anglo,Wilbert,Ostergard
Anglo,Wiley,Spofford
Anglo,Wilford,Deale
Anglo,Wilford,Demetriou
Anglo,Wilfred,Coins
Anglo,Wilfred,Phetsanghane
Anglo,Wilfredo,Neubaum
Anglo,Wilfredo,Rathmann
Anglo,Will,Cybulski
Anglo,Will,Wiegard
Anglo,Williams,Hallgren
Anglo,Williams,Wortz
Anglo,Willian,Lichstein
Anglo,Willian,Missel
Anglo,Willian,Renzullo
Anglo,Willian,Rosane
Anglo,Willie,Dretzka
Anglo,Willis,Matheney
Anglo,Willis,Neikirk
Anglo,Willy,Mandler
Anglo,Willy,Shunnarah
Anglo,Willy,Surra
Anglo,Wilton,Branaman
Anglo,Winford,Mesias
Anglo,Winfred,Fear
Anglo,Winfred,Zeme
Anglo,Winston,Rusinko
Anglo,Wm,Bisson
Anglo,Wm,Decaprio
Anglo,Wm,Ziebart
Anglo,Woodrow,Joki
Anglo,Woodrow,Kusumoto
Anglo,Wyatt,Beadles
Anglo,Wyatt,Cristy
Anglo,Young,Facchine
Anglo,Zachariah,Asiello
Anglo,Zachariah,Kumlander
Anglo,Zachary,Cosey
Anglo,Zachary,Kosiorek
Anglo,Zachery,Bornemann
Anglo,Zachery,Deprofio
Anglo,Zachery,Greet
Anglo,Zachery,Leh
Anglo,Zachery,Ramach
Anglo,Zane,Vanwagoner
Asian,Sung,Chen
Asian,Sung,Choi
Asian,Sung,Hassan
Asian,Sung,Huang
Asian,Sung,Khan
Asian,Sung,Kim
Asian,Sung,Le
Asian,Sung,Li
Asian,Sung,Lin
Asian,Sung,Liu
Asian,Sung,Nguyen
Asian,Sung,Park
Asian,Sung,Patel
Asian,Sung,Pham
Asian,Sung,Singh
Asian,Sung,Tanaka
Asian,Sung,Tran
Asian,Sung,Wang
Asian,Sung,Yamamoto
Asian,Sung,Zhang
Asian,Yong,Chen
Asian,Yong,Choi
Asian,Yong,Hassan
Asian,Yong,Huang
Asian,Yong,Khan
Asian,Yong,Kim
Asian,Yong,Le
Asian,Yong,Li
Asian,Yong,Lin
Asian,Yong,Liu
Asian,Yong,Nguyen
Asian,Yong,Park
Asian,Yong,Patel
Asian,Yong,Pham
Asian,Yong,Singh
Asian,Yong,Tanaka
Asian,Yong,Tran
Asian,Yong,Wang
Asian,Yong,Yamamoto
Asian,Yong,Zhang
Hispanic,Alejandro,Castillo
Hispanic,Alejandro,Cruz
Hispanic,Alejandro,Delgado
Hispanic,Alejandro,Diaz
Hispanic,Alejandro,Flores
Hispanic,Alejandro,Garcia
Hispanic,Alejandro,Gomez
Hispanic,Alejandro,Gonzalez
Hispanic,Alejandro,Guerrero
Hispanic,Alejandro,Hernandez
Hispanic,Alejandro,Lopez
Hispanic,Alejandro,Martinez
Hispanic,Alejandro,Mendoza
Hispanic,Alejandro,Morales
Hispanic,Alejandro,Ortiz
Hispanic,Alejandro,Perez
Hispanic,Alejandro,Ramirez
Hispanic,Alejandro,Ramos
Hispanic,Alejandro,Reyes
Hispanic,Alejandro,Rivera
Hispanic,Alejandro,Rodriguez
Hispanic,Alejandro,Sanchez
Hispanic,Alejandro,Torres
Hispanic,Alejandro,Vargas
Hispanic,Alejandro,Vasquez
Hispanic,Antonio,Castillo
Hispanic,Antonio,Cruz
Hispanic,Antonio,Delgado
Hispanic,Antonio,Diaz
Hispanic,Antonio,Flores
Hispanic,Antonio,Garcia
Hispanic,Antonio,Gomez
Hispanic,Antonio,Gonzalez
Hispanic,Antonio,Guerrero
Hispanic,Antonio,Hernandez
Hispanic,Antonio,Lopez
Hispanic,Antonio,Martinez
Hispanic,Antonio,Mendoza
Hispanic,Antonio,Morales
Hispanic,Antonio,Ortiz
Hispanic,Antonio,Perez
Hispanic,Antonio,Ramirez
Hispanic,Antonio,Ramos
Hispanic,Antonio,Reyes
Hispanic,Antonio,Rivera
Hispanic,Antonio,Rodriguez
Hispanic,Antonio,Sanchez
Hispanic,Antonio,Torres
Hispanic,Antonio,Vargas
Hispanic,Antonio,Vasquez
Hispanic,Carlos,Castillo
Hispanic,Carlos,Cruz
Hispanic,Carlos,Delgado
Hispanic,Carlos,Diaz
Hispanic,Carlos,Flores
Hispanic,Carlos,Garcia
Hispanic,Carlos,Gomez
Hispanic,Carlos,Gonzalez
Hispanic,Carlos,Guerrero
Hispanic,Carlos,Hernandez
Hispanic,Carlos,Lopez
Hispanic,Carlos,Martinez
Hispanic,Carlos,Mendoza
Hispanic,Carlos,Morales
Hispanic,Carlos,Ortiz
Hispanic,Carlos,Perez
Hispanic,Carlos,Ramirez
Hispanic,Carlos,Ramos
Hispanic,Carlos,Reyes
Hispanic,Carlos,Rivera
Hispanic,Carlos,Rodriguez
Hispanic,Carlos,Sanchez
Hispanic,Carlos,Torres
Hispanic,Carlos,Vargas
Hispanic,Carlos,Vasquez
Hispanic,Eduardo,Castillo
Hispanic,Eduardo,Cruz
Hispanic,Eduardo,Delgado
Hispanic,Eduardo,Diaz
Hispanic,Eduardo,Flores
Hispanic,Eduardo,Garcia
Hispanic,Eduardo,Gomez
Hispanic,Eduardo,Gonzalez
Hispanic,Eduardo,Guerrero
Hispanic,Eduardo,Hernandez
Hispanic,Eduardo,Lopez
Hispanic,Eduardo,Martinez
Hispanic,Eduardo,Mendoza
Hispanic,Eduardo,Morales
Hispanic,Eduardo,Ortiz
Hispanic,Eduardo,Perez
Hispanic,Eduardo,Ramirez
Hispanic,Eduardo,Ramos
Hispanic,Eduardo,Reyes
Hispanic,Eduardo,Rivera
Hispanic,Eduardo,Rodriguez
Hispanic,Eduardo,Sanchez
Hispanic,Eduardo,Torres
Hispanic,Eduardo,Vargas
Hispanic,Eduardo,Vasquez
Hispanic,Fernando,Castillo
Hispanic,Fernando,Cruz
Hispanic,Fernando,Delgado
Hispanic,Fernando,Diaz
Hispanic,Fernando,Flores
Hispanic,Fernando,Garcia
Hispanic,Fernando,Gomez
Hispanic,Fernando,Gonzalez
Hispanic,Fernando,Guerrero
Hispanic,Fernando,Hernandez
Hispanic,Fernando,Lopez
Hispanic,Fernando,Martinez
Hispanic,Fernando,Mendoza
Hispanic,Fernando,Morales
Hispanic,Fernando,Ortiz
Hispanic,Fernando,Perez
Hispanic,Fernando,Ramirez
Hispanic,Fernando,Ramos
Hispanic,Fernando,Reyes
Hispanic,Fernando,Rivera
Hispanic,Fernando,Rodriguez
Hispanic,Fernando,Sanchez
Hispanic,Fernando,Torres
Hispanic,Fernando,Vargas
Hispanic,Fernando,Vasquez
Hispanic,Francisco,Castillo
Hispanic,Francisco,Cruz
Hispanic,Francisco,Delgado
Hispanic,Francisco,Diaz
Hispanic,Francisco,Flores
Hispanic,Francisco,Garcia
Hispanic,Francisco,Gomez
Hispanic,Francisco,Gonzalez
Hispanic,Francisco,Guerrero
Hispanic,Francisco,Hernandez
Hispanic,Francisco,Lopez
Hispanic,Francisco,Martinez
Hispanic,Francisco,Mendoza
Hispanic,Francisco,Morales
Hispanic,Francisco,Ortiz
Hispanic,Francisco,Perez
Hispanic,Francisco,Ramirez
Hispanic,Francisco,Ramos
Hispanic,Francisco,Reyes
Hispanic,Francisco,Rivera
Hispanic,Francisco,Rodriguez
Hispanic,Francisco,Sanchez
Hispanic,Francisco,Torres
Hispanic,Francisco,Vargas
Hispanic,Francisco,Vasquez
Hispanic,Hector,Castillo
Hispanic,Hector,Cruz
Hispanic,Hector,Delgado
Hispanic,Hector,Diaz
Hispanic,Hector,Flores
Hispanic,Hector,Garcia
Hispanic,Hector,Gomez
Hispanic,Hector,Gonzalez
Hispanic,Hector,Guerrero
Hispanic,Hector,Hernandez
Hispanic,Hector,Lopez
Hispanic,Hector,Martinez
Hispanic,Hector,Mendoza
Hispanic,Hector,Morales
Hispanic,Hector,Ortiz
Hispanic,Hector,Perez
Hispanic,Hector,Ramirez
Hispanic,Hector,Ramos
Hispanic,Hector,Reyes
Hispanic,Hector,Rivera
Hispanic,Hector,Rodriguez
Hispanic,Hector,Sanchez
Hispanic,Hector,Torres
Hispanic,Hector,Vargas
Hispanic,Hector,Vasquez
Hispanic,Jorge,Castillo
Hispanic,Jorge,Cruz
Hispanic,Jorge,Delgado
Hispanic,Jorge,Diaz
Hispanic,Jorge,Flores
Hispanic,Jorge,Garcia
Hispanic,Jorge,Gomez
Hispanic,Jorge,Gonzalez
Hispanic,Jorge,Guerrero
Hispanic,Jorge,Hernandez
Hispanic,Jorge,Lopez
Hispanic,Jorge,Martinez
Hispanic,Jorge,Mendoza
Hispanic,Jorge,Morales
Hispanic,Jorge,Ortiz
Hispanic,Jorge,Perez
Hispanic,Jorge,Ramirez
Hispanic,Jorge,Ramos
Hispanic,Jorge,Reyes
Hispanic,Jorge,Rivera
Hispanic,Jorge,Rodriguez
Hispanic,Jorge,Sanchez
Hispanic,Jorge,Torres
Hispanic,Jorge,Vargas
Hispanic,Jorge,Vasquez
Hispanic,Jose,Castillo
Hispanic,Jose,Cruz
Hispanic,Jose,Delgado
Hispanic,Jose,Diaz
Hispanic,Jose,Flores
Hispanic,Jose,Garcia
Hispanic,Jose,Gomez
Hispanic,Jose,Gonzalez
Hispanic,Jose,Guerrero
Hispanic,Jose,Hernandez
Hispanic,Jose,Lopez
Hispanic,Jose,Martinez
Hispanic,Jose,Mendoza
Hispanic,Jose,Morales
Hispanic,Jose,Ortiz
Hispanic,Jose,Perez
Hispanic,Jose,Ramirez
Hispanic,Jose,Ramos
Hispanic,Jose,Reyes
Hispanic,Jose,Rivera
Hispanic,Jose,Rodriguez
Hispanic,Jose,Sanchez
Hispanic,Jose,Torres
Hispanic,Jose,Vargas
Hispanic,Jose,Vasquez
Hispanic,Juan,Castillo
Hispanic,Juan,Cruz
Hispanic,Juan,Delgado
Hispanic,Juan,Diaz
Hispanic,Juan,Flores
Hispanic,Juan,Garcia
Hispanic,Juan,Gomez
Hispanic,Juan,Gonzalez
Hispanic,Juan,Guerrero
Hispanic,Juan,Hernandez
Hispanic,Juan,Lopez
Hispanic,Juan,Martinez
Hispanic,Juan,Mendoza
Hispanic,Juan,Morales
Hispanic,Juan,Ortiz
Hispanic,Juan,Perez
Hispanic,Juan,Ramirez
Hispanic,Juan,Ramos
Hispanic,Juan,Reyes
Hispanic,Juan,Rivera
Hispanic,Juan,Rodriguez
Hispanic,Juan,Sanchez
Hispanic,Juan,Torres
Hispanic,Juan,Vargas
Hispanic,Juan,Vasquez
Hispanic,Luis,Castillo
Hispanic,Luis,Cruz
Hispanic,Luis,Delgado
Hispanic,Luis,Diaz
Hispanic,Luis,Flores
Hispanic,Luis,Garcia
Hispanic,Luis,Gomez
Hispanic,Luis,Gonzalez
Hispanic,Luis,Guerrero
Hispanic,Luis,Hernandez
Hispanic,Luis,Lopez
Hispanic,Luis,Martinez
Hispanic,Luis,Mendoza
Hispanic,Luis,Morales
Hispanic,Luis,Ortiz
Hispanic,Luis,Perez
Hispanic,Luis,Ramirez
Hispanic,Luis,Ramos
Hispanic,Luis,Reyes
Hispanic,Luis,Rivera
Hispanic,Luis,Rodriguez
Hispanic,Luis,Sanchez
Hispanic,Luis,Torres
Hispanic,Luis,Vargas
Hispanic,Luis,Vasquez
Hispanic,Manuel,Castillo
Hispanic,Manuel,Cruz
Hispanic,Manuel,Delgado
Hispanic,Manuel,Diaz
Hispanic,Manuel,Flores
Hispanic,Manuel,Garcia
Hispanic,Manuel,Gomez
Hispanic,Manuel,Gonzalez
Hispanic,Manuel,Guerrero
Hispanic,Manuel,Hernandez
Hispanic,Manuel,Lopez
Hispanic,Manuel,Martinez
Hispanic,Manuel,Mendoza
Hispanic,Manuel,Morales
Hispanic,Manuel,Ortiz
Hispanic,Manuel,Perez
Hispanic,Manuel,Ramirez
Hispanic,Manuel,Ramos
Hispanic,Manuel,Reyes
Hispanic,Manuel,Rivera
Hispanic,Manuel,Rodriguez
Hispanic,Manuel,Sanchez
Hispanic,Manuel,Torres
Hispanic,Manuel,Vargas
Hispanic,Manuel,Vasquez
Hispanic,Miguel,Castillo
Hispanic,Miguel,Cruz
Hispanic,Miguel,Delgado
Hispanic,Miguel,Diaz
Hispanic,Miguel,Flores
Hispanic,Miguel,Garcia
Hispanic,Miguel,Gomez
Hispanic,Miguel,Gonzalez
Hispanic,Miguel,Guerrero
Hispanic,Miguel,Hernandez
Hispanic,Miguel,Lopez
Hispanic,Miguel,Martinez
Hispanic,Miguel,Mendoza
Hispanic,Miguel,Morales
Hispanic,Miguel,Ortiz
Hispanic,Miguel,Perez
Hispanic,Miguel,Ramirez
Hispanic,Miguel,Ramos
Hispanic,Miguel,Reyes
Hispanic,Miguel,Rivera
Hispanic,Miguel,Rodriguez
Hispanic,Miguel,Sanchez
Hispanic,Miguel,Torres
Hispanic,Miguel,Vargas
Hispanic,Miguel,Vasquez
Hispanic,Pedro,Castillo
Hispanic,Pedro,Cruz
Hispanic,Pedro,Delgado
Hispanic,Pedro,Diaz
Hispanic,Pedro,Flores
Hispanic,Pedro,Garcia
Hispanic,Pedro,Gomez
Hispanic,Pedro,Gonzalez
Hispanic,Pedro,Guerrero
Hispanic,Pedro,Hernandez
Hispanic,Pedro,Lopez
Hispanic,Pedro,Martinez
Hispanic,Pedro,Mendoza
Hispanic,Pedro,Morales
Hispanic,Pedro,Ortiz
Hispanic,Pedro,Perez
Hispanic,Pedro,Ramirez
Hispanic,Pedro,Ramos
Hispanic,Pedro,Reyes
Hispanic,Pedro,Rivera
Hispanic,Pedro,Rodriguez
Hispanic,Pedro,Sanchez
Hispanic,Pedro,Torres
Hispanic,Pedro,Vargas
Hispanic,Pedro,Vasquez
Hispanic,Rafael,Castillo
Hispanic,Rafael,Cruz
Hispanic,Rafael,Delgado
Hispanic,Rafael,Diaz
Hispanic,Rafael,Flores
Hispanic,Rafael,Garcia
Hispanic,Rafael,Gomez
Hispanic,Rafael,Gonzalez
Hispanic,Rafael,Guerrero
Hispanic,Rafael,Hernandez
Hispanic,Rafael,Lopez
Hispanic,Rafael,Martinez
Hispanic,Rafael,Mendoza
Hispanic,Rafael,Morales
Hispanic,Rafael,Ortiz
Hispanic,Rafael,Perez
Hispanic,Rafael,Ramirez
Hispanic,Rafael,Ramos
Hispanic,Rafael,Reyes
Hispanic,Rafael,Rivera
Hispanic,Rafael,Rodriguez
Hispanic,Rafael,Sanchez
Hispanic,Rafael,Torres
Hispanic,Rafael,Vargas
Hispanic,Rafael,Vasquez
Hispanic,Raul,Castillo
Hispanic,Raul,Cruz
Hispanic,Raul,Delgado
Hispanic,Raul,Diaz
Hispanic,Raul,Flores
Hispanic,Raul,Garcia
Hispanic,Raul,Gomez
Hispanic,Raul,Gonzalez
Hispanic,Raul,Guerrero
Hispanic,Raul,Hernandez
Hispanic,Raul,Lopez
Hispanic,Raul,Martinez
Hispanic,Raul,Mendoza
Hispanic,Raul,Morales
Hispanic,Raul,Ortiz
Hispanic,Raul,Perez
Hispanic,Raul,Ramirez
Hispanic,Raul,Ramos
Hispanic,Raul,Reyes
Hispanic,Raul,Rivera
Hispanic,Raul,Rodriguez
Hispanic,Raul,Sanchez
Hispanic,Raul,Torres
Hispanic,Raul,Vargas
Hispanic,Raul,Vasquez
Hispanic,Ricardo,Castillo
Hispanic,Ricardo,Cruz
Hispanic,Ricardo,Delgado
Hispanic,Ricardo,Diaz
Hispanic,Ricardo,Flores
Hispanic,Ricardo,Garcia
Hispanic,Ricardo,Gomez
Hispanic,Ricardo,Gonzalez
Hispanic,Ricardo,Guerrero
Hispanic,Ricardo,Hernandez
Hispanic,Ricardo,Lopez
Hispanic,Ricardo,Martinez
Hispanic,Ricardo,Mendoza
Hispanic,Ricardo,Morales
Hispanic,Ricardo,Ortiz
Hispanic,Ricardo,Perez
Hispanic,Ricardo,Ramirez
Hispanic,Ricardo,Ramos
Hispanic,Ricardo,Reyes
Hispanic,Ricardo,Rivera
Hispanic,Ricardo,Rodriguez
Hispanic,Ricardo,Sanchez
Hispanic,Ricardo,Torres
Hispanic,Ricardo,Vargas
Hispanic,Ricardo,Vasquez
Hispanic,Roberto,Castillo
Hispanic,Roberto,Cruz
Hispanic,Roberto,Delgado
Hispanic,Roberto,Diaz
Hispanic,Roberto,Flores
Hispanic,Roberto,Garcia
Hispanic,Roberto,Gomez
Hispanic,Roberto,Gonzalez
Hispanic,Roberto,Guerrero
Hispanic,Roberto,Hernandez
Hispanic,Roberto,Lopez
Hispanic,Roberto,Martinez
Hispanic,Roberto,Mendoza
Hispanic,Roberto,Morales
Hispanic,Roberto,Ortiz
Hispanic,Roberto,Perez
Hispanic,Roberto,Ramirez
Hispanic,Roberto,Ramos
Hispanic,Roberto,Reyes
Hispanic,Roberto,Rivera
Hispanic,Roberto,Rodriguez
Hispanic,Roberto,Sanchez
Hispanic,Roberto,Torres
Hispanic,Roberto,Vargas
Hispanic,Roberto,Vasquez
