P5481,ACT
P1330,ACT
P7822,ACT
P6069,ACT
P6420,ACT
P1058,ACT
P1015,ACT
P9843,ACT
P6679,ACT
P2353,ACT
P4456,ACT
P5411,ACT
P6110,ACT
P1990,ACT
P2620,ACT
P7817,ACT
P1090,ACT
P4645,ACT
P9251,ACT
P7090,ACT
P9140,ACT
P2969,ACT
P6667,ACT
P1222,ACT
P9678,AAA
P8170,AAA
P4800,AAA
P9268,AAA
P3441,AAA
P7771,AAA
P6470,AAA
P2173,AAA
P5771,AAA
P1275,AAA
P9518,AAA
P1134,AAA
P6946,AAA
P4518,AAA
P3902,AAA
P9442,AAA
P6629,AAA
P1690,AAA
P2440,AAA
P7943,AAA
P2617,AAA
P6953,AAA
P6124,AAA
P9619,AAA
P7428,AAA
P6149,LOW
P6548,LOW
P8455,LOW
P8619,LOW
P5179,LOW
P7147,LOW
P2183,LOW
P7865,LOW
P3999,LOW
P8395,LOW
P8274,LOW
P5852,LOW
P2602,LOW
P2310,LOW
P9802,LOW
P7239,LOW
P4792,LOW
P7122,LOW
P4280,LOW
P8771,LOW
P9952,LOW
P8454,LOW
P7326,LOW
P2166,LOW
P3792,LOW
