P3441,ACT
P9678,ACT
P4801,ACT
P3194,ACT
P7817,ACT
P3312,ACT
P6110,ACT
P2173,ACT
P7713,ACT
P4795,ACT
P7428,ACT
P8184,ACT
P4457,ACT
P9518,ACT
P9619,ACT
P6188,ACT
P6470,ACT
P1710,ACT
P7090,ACT
P5731,ACT
P9814,ACT
P6546,ACT
P8217,ACT
P9528,ACT
P3999,ACT
P8170,AAA
P4800,AAA
P9268,AAA
P7822,AAA
P7771,AAA
P5771,AAA
P1275,AAA
P1134,AAA
P6946,AAA
P4518,AAA
P3902,AAA
P9442,AAA
P6629,AAA
P1690,AAA
P2440,AAA
P7943,AAA
P2617,AAA
P6953,AAA
P4206,AAA
P4456,AAA
P2620,AAA
P6420,AAA
P5411,AAA
P6124,AAA
P6679,AAA
P6149,LOW
P6548,LOW
P8455,LOW
P8619,LOW
P5179,LOW
P7147,LOW
P2183,LOW
P7865,LOW
P8395,LOW
P8274,LOW
P5852,LOW
P2602,LOW
P2310,LOW
P9251,LOW
P9802,LOW
P7239,LOW
P4792,LOW
P7122,LOW
P1090,LOW
P4280,LOW
P8771,LOW
P9952,LOW
P8454,LOW
P7326,LOW
P2166,LOW
