P7123,ACT
P6946,ACT
P3902,ACT
P8908,ACT
P7428,ACT
P4096,ACT
P9664,ACT
P1275,ACT
P4518,ACT
P8287,ACT
P6045,ACT
P7817,ACT
P7286,ACT
P9619,ACT
P8975,ACT
P6547,ACT
P8478,ACT
P2165,ACT
P8992,ACT
P4085,ACT
P1959,ACT
P7122,ACT
P7930,ACT
P5628,ACT
P8455,ACT
P9678,AAA
P8170,AAA
P4800,AAA
P9268,AAA
P7822,AAA
P3441,AAA
P7771,AAA
P6470,AAA
P2173,AAA
P5771,AAA
P9518,AAA
P1134,AAA
P9442,AAA
P6629,AAA
P1690,AAA
P2440,AAA
P7943,AAA
P2617,AAA
P6953,AAA
P4456,AAA
P2620,AAA
P6420,AAA
P5411,AAA
P6124,AAA
P6149,LOW
P6548,LOW
P8619,LOW
P5179,LOW
P7147,LOW
P2183,LOW
P7865,LOW
P3999,LOW
P8395,LOW
P8274,LOW
P5852,LOW
P2602,LOW
P2310,LOW
P9251,LOW
P9802,LOW
P7239,LOW
P4792,LOW
P1090,LOW
P4280,LOW
P8771,LOW
P9952,LOW
P8454,LOW
P7326,LOW
P2166,LOW
P3792,LOW
