player_id,first_name,last_name,birthdate,height,weight,bats,throws,primary_position,other_positions,is_pitcher,role,preferred_pitching_role,ch,ph,sp,eye,gf,pl,vl,sc,fa,arm,endurance,control,movement,hold_runner,fb,cu,cb,sl,si,scb,kn,durability,injured,ready
CAL-0001,Darrell,Butenhoff,1996-07-15,69,214,L,L,C,,0,,,44,43,48,50,49,49,50,50,60,49,,,,,,,,,,,,62,0,1
CAL-0002,Everett,Oyler,1991-02-15,72,193,R,R,1B,,0,,,45,55,42,49,56,59,50,50,51,51,,,,,,,,,,,,64,0,1
CAL-0003,Carlos,Dieteman,2002-05-15,74,178,L,L,2B,,0,,,56,48,57,47,54,65,59,50,64,47,,,,,,,,,,,,58,0,1
CAL-0004,Denny,Marchbanks,2001-01-15,73,206,R,R,3B,,0,,,54,53,46,49,44,60,44,50,49,44,,,,,,,,,,,,56,0,1
CAL-0005,Gil,Muskus,2003-02-15,72,160,L,L,SS,,0,,,47,42,54,46,50,58,66,50,51,64,,,,,,,,,,,,65,0,1
CAL-0006,Roderick,Coch,2000-04-15,73,226,R,R,LF,,0,,,56,58,54,50,49,62,44,50,55,45,,,,,,,,,,,,45,0,1
CAL-0007,Parker,Brosig,1991-04-15,73,196,L,L,CF,,0,,,49,51,54,51,50,51,49,50,50,67,,,,,,,,,,,,51,0,1
CAL-0008,Warren,Michlich,1996-07-15,75,198,L,L,RF,,0,,,49,51,44,54,53,50,47,50,44,65,,,,,,,,,,,,42,0,1
CAL-0009,Adrian,Bruschke,2000-02-15,73,213,R,R,DH,,0,,,51,53,35,58,51,57,47,50,45,54,,,,,,,,,,,,63,0,1
CAL-0010,Jarvis,Weissmann,1992-08-15,75,221,S,R,C,,0,,,44,40,35,41,48,55,57,50,39,55,,,,,,,,,,,,61,0,1
CAL-0011,Mckinley,Ineson,1996-02-15,71,202,R,R,2B,"SS,3B",0,,,46,42,49,39,50,47,38,50,50,43,,,,,,,,,,,,64,0,1
CAL-0012,Victor,Mcintee,1997-04-15,72,220,R,R,CF,"LF,RF",0,,,44,45,57,45,53,54,51,50,45,58,,,,,,,,,,,,57,0,1
CAL-0013,Nolan,Pickup,1997-07-15,73,217,R,R,1B,DH,0,,,44,45,35,46,54,58,46,50,42,44,,,,,,,,,,,,42,0,1
CAL-0014,Evan,Carrick,1995-02-15,73,181,R,R,P,,1,SP,SP,,,,,40,,38,,38,58,46,45,50,63,42,,55,61,,,,57,0,1
CAL-0015,Damion,Holsworth,2000-01-15,70,209,L,L,P,,1,SP,SP,,,,,58,,53,,49,55,66,59,49,48,64,,55,47,,,,66,0,1
CAL-0016,Lavern,Mio,1998-08-15,72,191,L,L,P,,1,SP,SP,,,,,59,,62,,43,51,57,35,50,42,58,52,,54,,,,77,0,1
CAL-0017,Isaac,Ostroff,1996-09-15,72,215,R,R,P,,1,SP,SP,,,,,66,,64,,44,68,53,45,53,61,46,46,,55,,,,70,0,1
CAL-0018,Christopher,Patak,1992-01-15,74,209,R,R,P,,1,SP,SP,,,,,47,,43,,47,65,57,53,52,42,54,51,,,59,,,77,0,1
CAL-0019,Darwin,Dechant,1993-03-15,71,219,R,R,P,,1,RP,CL,,,,,64,,45,,44,56,26,53,56,46,67,42,,57,,,,47,0,1
CAL-0020,Brandon,Pettyjohn,1992-04-15,71,216,R,R,P,,1,RP,SU,,,,,48,,67,,58,58,26,57,58,36,63,,45,56,,,,69,0,1
CAL-0021,Reuben,Mengle,1997-02-15,71,199,R,R,P,,1,RP,SU,,,,,46,,54,,49,70,25,48,52,45,56,55,,47,,,,82,0,1
CAL-0022,Chet,Dacunha,1996-03-15,73,209,R,R,P,,1,RP,MR,,,,,52,,38,,60,56,36,56,53,50,51,62,,,66,,,57,0,1
CAL-0023,Humberto,Templet,1997-01-15,70,193,R,R,P,,1,RP,MR,,,,,48,,47,,56,58,33,53,48,59,61,,47,53,,,,76,0,1
CAL-0024,Fritz,Pellegren,1992-08-15,75,212,L,L,P,,1,RP,MR,,,,,42,,67,,35,58,35,56,59,50,56,49,,,50,,,53,0,1
CAL-0025,Heriberto,Shed,1994-01-15,72,200,R,R,P,,1,RP,MR,,,,,53,,49,,51,56,36,47,60,31,77,47,,,57,,,57,0,1
CAL-0026,Joshua,Hawse,1992-08-15,72,227,R,R,P,,1,RP,LR,,,,,41,,49,,48,56,44,59,54,35,61,,56,40,,,,48,0,1
CAL-0027,Albert,Colonel,2002-05-15,72,201,S,R,C,,0,,,49,52,41,54,48,64,44,50,56,64,,,,,,,,,,,,58,0,1
CAL-0028,Kermit,Kierce,1995-02-15,71,204,S,R,1B,,0,,,54,48,41,52,54,57,58,50,54,56,,,,,,,,,,,,73,0,1
CAL-0029,Warren,Rucky,1994-07-15,76,206,R,R,2B,,0,,,55,42,53,54,47,48,46,50,60,36,,,,,,,,,,,,61,0,1
CAL-0030,Roman,Hejny,1998-03-15,72,221,L,L,3B,,0,,,55,50,45,52,51,57,51,50,46,50,,,,,,,,,,,,64,0,1
CAL-0031,Wendell,Preato,1993-02-15,75,212,L,L,SS,,0,,,44,50,61,48,52,46,48,50,42,43,,,,,,,,,,,,59,0,1
CAL-0032,Nicholas,Fogg,2003-09-15,74,203,R,R,LF,,0,,,44,49,51,49,55,56,39,50,35,57,,,,,,,,,,,,63,0,1
CAL-0033,Stanley,Doing,1992-06-15,71,219,L,L,CF,,0,,,57,44,60,53,46,53,52,50,43,48,,,,,,,,,,,,63,0,1
CAL-0034,Jamie,Galindo,2001-07-15,73,217,L,L,RF,,0,,,52,53,53,52,56,50,50,50,46,45,,,,,,,,,,,,78,0,1
CAL-0035,Michal,Scheule,1991-01-15,74,205,R,R,DH,,0,,,49,52,36,53,48,63,54,50,53,40,,,,,,,,,,,,53,0,1
CAL-0036,Dalton,Kautzman,1992-03-15,70,208,R,R,C,,0,,,44,36,38,43,48,57,45,50,56,55,,,,,,,,,,,,45,0,1
CAL-0037,Mariano,Allscheid,2001-03-15,74,201,L,L,2B,"SS,3B",0,,,48,42,47,42,51,54,55,50,41,44,,,,,,,,,,,,59,0,1
CAL-0038,James,Rahmes,2001-07-15,71,194,R,R,CF,"LF,RF",0,,,44,40,55,46,49,57,60,50,65,48,,,,,,,,,,,,62,0,1
CAL-0039,Miquel,Shirkey,1994-01-15,72,212,R,R,1B,DH,0,,,46,50,38,46,47,68,56,50,57,47,,,,,,,,,,,,57,0,1
CAL-0040,Henry,Jarrett,1994-08-15,72,181,L,L,P,,1,SP,SP,,,,,48,,55,,47,53,51,49,53,49,71,,61,43,,,,71,0,1
CAL-0041,Lester,Silliman,1993-05-15,73,216,R,R,P,,1,SP,SP,,,,,45,,53,,60,50,46,41,40,75,49,69,,54,,,,55,0,1
CAL-0042,Nigel,June,1992-02-15,71,207,R,R,P,,1,SP,SP,,,,,50,,44,,59,46,51,47,44,61,88,45,,55,,,,54,0,1
CAL-0043,Rich,Klukan,1994-06-15,74,220,L,L,P,,1,SP,SP,,,,,58,,47,,45,55,65,49,49,46,79,,63,57,,,,60,0,1
CAL-0044,Kirk,Moise,2002-05-15,73,197,L,L,P,,1,SP,SP,,,,,39,,42,,61,49,60,43,52,39,47,53,,49,,,,69,0,1
CAL-0045,Julius,Dilaura,1995-03-15,75,214,R,R,P,,1,RP,CL,,,,,47,,60,,59,64,26,50,56,44,41,60,,,50,,,54,0,1
CAL-0046,Wilbur,Filzen,2002-09-15,74,213,L,L,P,,1,RP,SU,,,,,48,,57,,44,58,30,50,59,51,49,52,,,59,,,75,0,1
CAL-0047,Lamar,Ehlert,1995-01-15,75,213,R,R,P,,1,RP,SU,,,,,45,,45,,44,60,34,47,53,59,73,,50,44,,,,56,0,1
CAL-0048,Edward,Sluder,1997-05-15,73,189,R,R,P,,1,RP,MR,,,,,45,,43,,55,56,37,37,41,58,61,61,,53,,,,48,0,1
CAL-0049,Stefan,Cassels,2003-09-15,72,225,R,R,P,,1,RP,MR,,,,,50,,42,,54,59,40,63,57,55,72,48,,52,,,,69,0,1
CAL-0050,Loren,Zeleznik,1991-05-15,75,184,L,L,P,,1,RP,MR,,,,,53,,44,,54,54,45,46,58,47,58,49,,54,,,,38,0,1
CAL-0051,Emery,Saglimben,2001-06-15,70,224,R,R,P,,1,RP,MR,,,,,60,,40,,45,55,36,57,53,50,68,53,,42,,,,48,0,1
CAL-0052,Tony,Ehiginator,1994-05-15,72,210,R,R,P,,1,RP,LR,,,,,41,,51,,59,58,61,54,61,54,59,,46,54,,,,67,0,1
CAL-0053,Chang,Joecks,1993-04-15,72,228,R,R,C,,0,,,45,38,41,52,50,55,52,50,52,51,,,,,,,,,,,,46,0,1
CAL-0054,Rickie,Spivey,2002-08-15,71,181,R,R,1B,,0,,,56,52,49,45,47,51,44,50,42,55,,,,,,,,,,,,55,0,1
CAL-0055,Mathew,Faulstich,2003-05-15,72,205,R,R,2B,,0,,,47,43,53,49,53,58,49,50,37,29,,,,,,,,,,,,67,0,1
CAL-0056,Boyce,Berenschot,1996-07-15,68,194,L,L,3B,,0,,,51,49,47,49,48,44,57,50,54,61,,,,,,,,,,,,82,0,1
CAL-0057,Grant,Truslow,1998-09-15,75,200,R,R,SS,,0,,,49,51,59,51,52,52,60,50,37,57,,,,,,,,,,,,65,0,1
CAL-0058,Angel,Coltey,1994-06-15,73,199,L,L,LF,,0,,,49,48,53,47,45,49,44,50,56,36,,,,,,,,,,,,64,0,1
CAL-0059,Delmar,Trotta,2000-06-15,72,200,L,L,CF,,0,,,51,51,65,51,49,60,39,50,48,46,,,,,,,,,,,,50,0,1
CAL-0060,Philip,Sabir,1999-06-15,73,169,L,L,RF,,0,,,48,56,52,54,48,41,48,50,37,54,,,,,,,,,,,,65,0,1
CAL-0061,Garrett,Lupoe,1993-03-15,76,223,R,R,DH,,0,,,49,53,46,51,53,57,42,50,40,57,,,,,,,,,,,,62,0,1
CAL-0062,Luciano,Fugh,2002-02-15,74,182,R,R,C,,0,,,44,43,31,46,56,63,53,50,51,52,,,,,,,,,,,,70,0,1
CAL-0063,Dan,Newbauer,2000-05-15,72,173,R,R,2B,"SS,3B",0,,,46,43,48,45,51,54,59,50,62,48,,,,,,,,,,,,45,0,1
CAL-0064,Shaun,Ocanaz,2002-02-15,74,212,R,R,CF,"LF,RF",0,,,44,43,57,48,50,53,59,50,64,57,,,,,,,,,,,,42,0,1
CAL-0065,Lincoln,Hamano,1998-05-15,75,207,R,R,1B,DH,0,,,45,44,38,46,52,52,63,50,42,46,,,,,,,,,,,,53,0,1
CAL-0066,Tony,Demere,2001-01-15,76,219,R,R,P,,1,SP,SP,,,,,45,,43,,51,57,50,50,57,48,74,,41,59,,,,60,0,1
CAL-0067,Christian,Zappia,1999-03-15,74,221,R,R,P,,1,SP,SP,,,,,49,,33,,39,55,54,44,64,50,63,58,,45,,,,72,0,1
CAL-0068,Salvatore,Crimes,1991-08-15,72,215,R,R,P,,1,SP,SP,,,,,42,,48,,45,44,47,50,47,69,70,,60,49,,,,58,0,1
CAL-0069,Darnell,Peeters,2000-07-15,74,194,R,R,P,,1,SP,SP,,,,,48,,44,,39,57,57,47,53,38,68,43,,,55,,,55,0,1
CAL-0070,Sebastian,Limbert,2001-01-15,70,192,R,R,P,,1,SP,SP,,,,,52,,59,,46,55,55,56,46,50,63,54,,,66,,,60,0,1
CAL-0071,Gonzalo,Govern,1992-08-15,73,181,R,R,P,,1,RP,CL,,,,,49,,51,,62,57,34,53,59,65,68,66,,45,,,,63,0,1
CAL-0072,Denny,Arpin,2000-05-15,77,226,R,R,P,,1,RP,SU,,,,,48,,29,,63,58,36,48,56,36,71,61,,,47,,,68,0,1
CAL-0073,Rory,Gaunt,1991-06-15,71,207,L,L,P,,1,RP,SU,,,,,40,,54,,37,65,32,53,55,49,47,,50,46,,,,66,0,1
CAL-0074,Abe,Ashauer,1997-08-15,75,215,R,R,P,,1,RP,MR,,,,,62,,48,,40,62,25,53,46,62,57,48,,51,,,,58,0,1
CAL-0075,Ezra,Gambee,1999-01-15,76,218,R,R,P,,1,RP,MR,,,,,34,,52,,48,55,25,59,54,41,47,51,,49,,,,72,0,1
CAL-0076,Bert,Rickabaugh,1996-01-15,72,214,R,R,P,,1,RP,MR,,,,,40,,51,,56,56,54,54,53,44,41,,50,60,,,,62,0,1
CAL-0077,Alton,Chinni,2003-07-15,72,216,L,L,P,,1,RP,MR,,,,,42,,48,,59,44,32,53,49,45,65,35,,51,,,,70,0,1
CAL-0078,Daniel,Habermehl,1992-09-15,75,204,R,R,P,,1,RP,LR,,,,,42,,60,,53,49,52,47,47,56,64,52,,47,,,,64,0,1
CAL-0079,Marvin,Thomassen,1997-04-15,74,232,R,R,C,,0,,,46,40,36,51,47,63,53,50,55,53,,,,,,,,,,,,51,0,1
CAL-0080,Simon,Catalli,1995-06-15,71,215,R,R,1B,,0,,,49,52,39,52,48,62,43,50,41,44,,,,,,,,,,,,82,0,1
CAL-0081,Broderick,Donham,1993-05-15,74,207,R,R,2B,,0,,,50,52,63,54,46,53,55,50,65,51,,,,,,,,,,,,77,0,1
CAL-0082,Nolan,Pasquarelli,1996-09-15,72,198,R,R,3B,,0,,,53,56,51,45,47,54,60,50,47,48,,,,,,,,,,,,64,0,1
CAL-0083,Delmar,Pandey,1995-03-15,75,197,R,R,SS,,0,,,50,48,56,51,49,55,56,50,47,53,,,,,,,,,,,,45,0,1
CAL-0084,Parker,Sjerven,1996-04-15,72,224,L,L,LF,,0,,,59,56,49,50,50,47,46,50,57,55,,,,,,,,,,,,40,0,1
CAL-0085,Chang,Medland,1999-04-15,74,206,R,R,CF,,0,,,50,52,57,50,54,54,40,50,58,30,,,,,,,,,,,,69,0,1
CAL-0086,Minh,Brugh,2003-02-15,70,197,L,L,RF,,0,,,45,50,47,52,53,68,44,50,49,46,,,,,,,,,,,,71,0,1
CAL-0087,Glenn,Lore,2003-04-15,75,205,R,R,DH,,0,,,49,57,41,51,51,57,54,50,42,35,,,,,,,,,,,,52,0,1
CAL-0088,Jayson,Babin,1993-04-15,75,186,R,R,C,,0,,,49,43,34,41,54,44,45,50,42,56,,,,,,,,,,,,63,0,1
CAL-0089,Junior,Newfield,1991-05-15,73,222,R,R,2B,"SS,3B",0,,,44,43,49,46,52,57,52,50,54,47,,,,,,,,,,,,68,0,1
CAL-0090,Jerrold,Januszewski,1992-09-15,69,181,L,L,CF,"LF,RF",0,,,44,44,57,44,47,48,59,50,52,49,,,,,,,,,,,,56,0,1
CAL-0091,Bob,Gome,2000-02-15,72,187,R,R,1B,DH,0,,,44,47,37,44,49,59,38,50,48,50,,,,,,,,,,,,45,0,1
CAL-0092,Alonso,Thangavelu,2002-02-15,72,208,R,R,P,,1,SP,SP,,,,,50,,45,,50,49,53,59,53,54,61,57,,,61,,,54,0,1
CAL-0093,Jae,Holthoff,1993-02-15,71,186,L,L,P,,1,SP,SP,,,,,43,,38,,42,50,58,56,49,44,53,,51,39,,,,62,0,1
CAL-0094,Jake,Killin,2002-05-15,73,203,R,R,P,,1,SP,SP,,,,,55,,57,,35,54,63,49,51,56,58,65,,,41,,,60,0,1
CAL-0095,Lloyd,Sparacio,1997-06-15,69,192,R,R,P,,1,SP,SP,,,,,43,,65,,50,48,50,51,51,54,60,46,,,64,,,57,0,1
CAL-0096,Winston,Ambers,1999-09-15,71,212,R,R,P,,1,SP,SP,,,,,42,,53,,43,43,58,56,61,56,48,55,,,47,,,79,0,1
CAL-0097,Damian,Lallave,1999-08-15,73,218,R,R,P,,1,RP,CL,,,,,49,,47,,45,63,32,42,53,46,65,48,,51,,,,48,0,1
CAL-0098,Trenton,Yorty,1991-05-15,72,227,R,R,P,,1,RP,SU,,,,,48,,59,,49,59,39,55,54,45,72,,47,60,,,,55,0,1
CAL-0099,Darell,Birdinground,2001-05-15,72,188,L,L,P,,1,RP,SU,,,,,45,,48,,49,65,25,48,53,57,80,,54,45,,,,58,0,1
CAL-0100,Samuel,Leisten,2003-03-15,74,209,R,R,P,,1,RP,MR,,,,,44,,40,,47,55,31,48,33,56,45,54,,56,,,,70,0,1
CAL-0101,Jeremiah,Charlette,1998-07-15,74,195,L,L,P,,1,RP,MR,,,,,31,,52,,40,59,25,53,61,59,34,35,,60,,,,58,0,1
CAL-0102,Basil,Coroniti,1995-01-15,74,224,R,R,P,,1,RP,MR,,,,,54,,61,,49,53,38,47,55,55,49,56,,64,,,,60,0,1
CAL-0103,Raymond,Cotta,2002-07-15,70,216,R,R,P,,1,RP,MR,,,,,49,,56,,49,65,29,47,54,60,67,54,,55,,,,49,0,1
CAL-0104,Cesar,Mansbach,1992-03-15,71,179,R,R,P,,1,RP,LR,,,,,49,,48,,40,47,61,56,51,53,67,54,,53,,,,48,0,1
CAL-0105,Harlan,Tront,2003-08-15,70,197,L,L,C,,0,,,51,46,40,47,46,54,32,50,66,60,,,,,,,,,,,,58,0,1
CAL-0106,Royce,Delillo,1993-09-15,74,201,R,R,1B,,0,,,55,48,40,55,54,55,46,50,60,59,,,,,,,,,,,,65,0,1
CAL-0107,Norberto,Silerio,1993-02-15,75,208,L,L,2B,,0,,,54,41,55,54,49,61,46,50,51,55,,,,,,,,,,,,60,0,1
CAL-0108,Blake,Blassingame,1998-05-15,75,204,R,R,3B,,0,,,45,58,45,50,50,52,42,50,49,61,,,,,,,,,,,,62,0,1
CAL-0109,Fletcher,Sherrell,2003-08-15,72,227,R,R,SS,,0,,,51,50,56,52,50,62,44,50,56,66,,,,,,,,,,,,64,0,1
CAL-0110,Allan,Guterman,1995-08-15,70,212,R,R,LF,,0,,,55,49,59,51,47,45,66,50,51,36,,,,,,,,,,,,65,0,1
CAL-0111,Ramiro,Meneely,1995-02-15,73,190,L,L,CF,,0,,,52,43,63,49,47,47,54,50,57,43,,,,,,,,,,,,50,0,1
CAL-0112,Jack,Teyler,1993-02-15,72,203,R,R,RF,,0,,,48,49,52,45,50,50,34,50,36,57,,,,,,,,,,,,63,0,1
CAL-0113,Rick,Bolter,1995-05-15,71,192,L,L,DH,,0,,,52,47,42,56,51,64,45,50,25,35,,,,,,,,,,,,75,0,1
CAL-0114,Efren,Hermosilla,1994-02-15,69,204,R,R,C,,0,,,45,47,33,37,50,56,52,50,60,58,,,,,,,,,,,,50,0,1
CAL-0115,Leonard,Tubolino,2002-03-15,74,211,R,R,2B,"SS,3B",0,,,46,39,49,46,46,66,55,50,62,43,,,,,,,,,,,,45,0,1
CAL-0116,Zane,Jore,1993-02-15,74,211,R,R,CF,"LF,RF",0,,,44,43,55,46,51,37,40,50,52,42,,,,,,,,,,,,66,0,1
CAL-0117,Rolf,Lesinski,1996-03-15,74,192,R,R,1B,DH,0,,,44,43,34,40,49,52,55,50,51,30,,,,,,,,,,,,70,0,1
CAL-0118,Armando,Thiele,2000-04-15,71,226,R,R,P,,1,SP,SP,,,,,62,,45,,51,57,62,55,53,56,79,58,,,50,,,58,0,1
CAL-0119,Chad,Zullinger,1995-05-15,73,208,L,L,P,,1,SP,SP,,,,,41,,62,,52,55,51,56,56,46,79,51,,64,,,,68,0,1
CAL-0120,Orval,Vallejo,1992-06-15,72,220,R,R,P,,1,SP,SP,,,,,61,,47,,48,55,46,52,53,64,80,57,,,64,,,79,0,1
CAL-0121,Calvin,Reiger,1997-09-15,73,200,R,R,P,,1,SP,SP,,,,,55,,50,,68,61,50,42,47,58,60,51,,,55,,,56,0,1
CAL-0122,Pat,Tupick,1994-03-15,74,190,L,L,P,,1,SP,SP,,,,,35,,54,,63,59,50,56,51,48,48,51,,52,,,,57,0,1
CAL-0123,Bart,Reinschmidt,1999-02-15,71,200,R,R,P,,1,RP,CL,,,,,48,,51,,52,69,25,56,60,48,63,,44,55,,,,49,0,1
CAL-0124,Kyle,Iatarola,1998-04-15,69,188,R,R,P,,1,RP,SU,,,,,52,,49,,64,56,42,43,58,44,57,60,,,64,,,53,0,1
CAL-0125,Jody,Neria,1994-05-15,72,206,L,L,P,,1,RP,SU,,,,,49,,42,,49,47,26,57,53,53,67,48,,46,,,,52,0,1
CAL-0126,Leandro,Standback,1998-09-15,73,197,R,R,P,,1,RP,MR,,,,,57,,53,,56,58,45,43,52,58,58,38,,,49,,,69,0,1
CAL-0127,Michael,Reuber,1998-07-15,74,184,R,R,P,,1,RP,MR,,,,,36,,59,,41,51,36,53,42,44,52,,54,57,,,,71,0,1
CAL-0128,Keenan,Pier,1999-03-15,73,218,L,L,P,,1,RP,MR,,,,,42,,51,,56,67,34,49,55,46,45,67,,49,,,,81,0,1
CAL-0129,Rick,Leadbeater,1994-06-15,71,204,R,R,P,,1,RP,MR,,,,,67,,53,,51,55,31,59,61,69,36,52,,34,,,,43,0,1
CAL-0130,Enoch,Cranor,2003-01-15,71,221,R,R,P,,1,RP,LR,,,,,48,,46,,50,50,52,54,52,52,50,38,,57,,,,53,0,1
CAL-0131,Wilton,Irmeger,1997-08-15,77,246,R,R,C,,0,,,46,48,40,51,50,62,54,50,53,47,,,,,,,,,,,,81,0,1
CAL-0132,Wilson,Corte,1995-09-15,73,217,S,R,1B,,0,,,44,57,44,51,55,34,39,50,50,50,,,,,,,,,,,,55,0,1
CAL-0133,Ashley,Mccaughey,1991-08-15,73,193,L,L,2B,,0,,,59,51,54,50,48,56,47,50,59,43,,,,,,,,,,,,75,0,1
CAL-0134,Salvatore,Sammartano,1996-04-15,76,211,L,L,3B,,0,,,54,54,50,49,49,61,49,50,65,65,,,,,,,,,,,,57,0,1
CAL-0135,Silas,Hopper,1993-09-15,74,191,L,L,SS,,0,,,47,50,56,47,52,57,67,50,45,53,,,,,,,,,,,,72,0,1
CAL-0136,Marco,Brasel,1994-06-15,73,192,L,L,LF,,0,,,52,51,57,50,48,62,56,50,43,45,,,,,,,,,,,,72,0,1
CAL-0137,Rudolph,Woolhouse,1997-01-15,74,200,R,R,CF,,0,,,57,49,63,43,46,54,44,50,60,36,,,,,,,,,,,,64,0,1
CAL-0138,Scotty,Kuras,1993-07-15,73,201,R,R,RF,,0,,,48,56,56,54,56,55,49,50,25,64,,,,,,,,,,,,53,0,1
CAL-0139,Gregg,Mongan,1999-09-15,72,210,S,R,DH,,0,,,48,54,44,52,51,57,42,50,47,52,,,,,,,,,,,,39,0,1
CAL-0140,Ellis,Pintor,1991-01-15,72,221,R,R,C,,0,,,44,43,37,38,54,57,31,50,48,37,,,,,,,,,,,,61,0,1
CAL-0141,Tanner,Brathwaite,1991-02-15,74,204,R,R,2B,"SS,3B",0,,,51,41,50,46,49,56,50,50,52,54,,,,,,,,,,,,65,0,1
CAL-0142,Hobert,Shorten,1993-02-15,75,198,L,L,CF,"LF,RF",0,,,47,37,53,44,49,52,47,50,57,63,,,,,,,,,,,,66,0,1
CAL-0143,Andre,Delnero,1999-02-15,73,207,L,L,1B,DH,0,,,44,50,38,48,51,63,40,50,47,59,,,,,,,,,,,,54,0,1
CAL-0144,Juan,Ottosen,1992-09-15,73,212,R,R,P,,1,SP,SP,,,,,48,,56,,60,63,57,51,55,82,50,57,,,41,,,62,0,1
CAL-0145,Gus,Songer,1994-09-15,75,195,R,R,P,,1,SP,SP,,,,,50,,54,,62,65,37,50,43,38,78,,38,56,,,,62,0,1
CAL-0146,Marc,Kendzior,2003-02-15,75,214,R,R,P,,1,SP,SP,,,,,46,,70,,50,43,56,52,49,45,59,,61,59,,,,72,0,1
CAL-0147,Wendell,Carchidi,1994-08-15,70,194,R,R,P,,1,SP,SP,,,,,49,,59,,46,51,53,55,48,48,64,,55,41,,,,43,0,1
CAL-0148,Norman,Leeker,2002-04-15,69,236,L,L,P,,1,SP,SP,,,,,52,,54,,53,52,58,47,59,48,70,,54,62,,,,57,0,1
CAL-0149,Hubert,Latin,1994-09-15,74,190,R,R,P,,1,RP,CL,,,,,50,,58,,51,61,26,48,57,50,77,,51,44,,,,57,0,1
CAL-0150,Lowell,Buis,1997-01-15,73,191,R,R,P,,1,RP,SU,,,,,42,,51,,50,51,36,37,56,46,55,63,,,63,,,71,0,1
CAL-0151,Carey,Fedel,1997-08-15,74,189,R,R,P,,1,RP,SU,,,,,41,,55,,56,58,35,52,51,63,61,39,,52,,,,92,0,1
CAL-0152,Taylor,Desiderio,2000-07-15,76,225,R,R,P,,1,RP,MR,,,,,36,,47,,54,68,33,47,44,73,53,,31,57,,,,65,0,1
CAL-0153,Allan,Furney,2001-01-15,75,181,L,L,P,,1,RP,MR,,,,,51,,61,,56,59,38,61,57,47,56,,35,62,,,,49,0,1
CAL-0154,Benjamin,Mieczkowski,1992-02-15,70,216,R,R,P,,1,RP,MR,,,,,46,,59,,48,53,44,44,61,60,69,,44,67,,,,50,0,1
CAL-0155,Burt,Youssefi,1999-06-15,73,166,R,R,P,,1,RP,MR,,,,,45,,45,,55,52,31,52,58,63,71,51,,40,,,,57,0,1
CAL-0156,Genaro,Baffuto,1992-08-15,75,199,L,L,P,,1,RP,LR,,,,,56,,44,,60,60,47,44,43,54,47,,51,55,,,,49,0,1
CAL-0157,Willis,Sucher,1994-04-15,68,230,R,R,C,,0,,,52,51,49,50,43,48,58,50,61,55,,,,,,,,,,,,46,0,1
CAL-0158,Martin,Beekman,2002-04-15,73,217,R,R,1B,,0,,,50,52,50,55,52,61,36,50,69,37,,,,,,,,,,,,52,0,1
CAL-0159,Rudy,Suchanek,2002-05-15,75,213,L,L,2B,,0,,,52,49,55,49,47,57,39,50,36,65,,,,,,,,,,,,47,0,1
CAL-0160,Dudley,Zeilinger,2000-02-15,73,195,L,L,3B,,0,,,48,51,46,46,50,49,53,50,45,53,,,,,,,,,,,,55,0,1
CAL-0161,Arden,Jarrel,1994-09-15,73,180,S,R,SS,,0,,,50,47,52,54,50,52,42,50,52,55,,,,,,,,,,,,70,0,1
CAL-0162,Rodrick,Ableman,1996-08-15,75,209,L,L,LF,,0,,,53,51,54,51,52,52,52,50,53,44,,,,,,,,,,,,69,0,1
CAL-0163,Brett,Scholer,1996-05-15,73,196,R,R,CF,,0,,,45,48,64,50,52,57,48,50,49,46,,,,,,,,,,,,70,0,1
CAL-0164,Vern,Dahle,1998-09-15,76,187,L,L,RF,,0,,,56,55,48,51,57,55,53,50,35,63,,,,,,,,,,,,58,0,1
CAL-0165,Filiberto,Pena,1996-05-15,70,224,L,L,DH,,0,,,52,50,46,56,50,61,49,50,41,50,,,,,,,,,,,,41,0,1
CAL-0166,Guillermo,Kuss,2000-01-15,75,202,R,R,C,,0,,,44,41,39,36,53,57,55,50,72,68,,,,,,,,,,,,68,0,1
CAL-0167,Bill,Thews,1992-09-15,74,207,R,R,2B,"SS,3B",0,,,46,41,45,44,50,60,43,50,55,60,,,,,,,,,,,,59,0,1
CAL-0168,Norman,Kanne,2002-06-15,73,206,L,L,CF,"LF,RF",0,,,48,42,56,40,53,46,47,50,48,51,,,,,,,,,,,,55,0,1
CAL-0169,Alden,Rozzi,1994-02-15,74,216,L,L,1B,DH,0,,,46,50,42,43,51,57,41,50,45,45,,,,,,,,,,,,63,0,1
CAL-0170,Teddy,Molone,1995-01-15,75,199,L,L,P,,1,SP,SP,,,,,51,,52,,47,52,61,42,53,34,39,56,,50,,,,56,0,1
CAL-0171,Alberto,Hotchkiss,1995-05-15,78,178,L,L,P,,1,SP,SP,,,,,45,,45,,41,53,50,53,46,45,80,,51,51,,,,57,0,1
CAL-0172,Wilson,Fortun,1994-08-15,73,191,R,R,P,,1,SP,SP,,,,,72,,54,,48,57,46,56,42,44,32,45,,53,,,,55,0,1
CAL-0173,Jacques,Ziska,2003-02-15,74,227,R,R,P,,1,SP,SP,,,,,33,,50,,57,67,50,55,55,46,67,50,,,50,,,61,0,1
CAL-0174,Douglass,Huckle,1991-04-15,74,177,L,L,P,,1,SP,SP,,,,,58,,55,,66,52,62,59,58,57,71,55,,35,,,,62,0,1
CAL-0175,Charley,Barjenbruch,2002-09-15,75,211,L,L,P,,1,RP,CL,,,,,41,,38,,39,62,28,45,68,52,58,41,,,52,,,51,0,1
CAL-0176,Tony,Halston,1993-03-15,73,200,R,R,P,,1,RP,SU,,,,,43,,45,,42,68,25,58,50,49,66,,45,59,,,,68,0,1
CAL-0177,Branden,Tavolieri,1991-09-15,73,237,L,L,P,,1,RP,SU,,,,,40,,59,,42,62,29,52,50,55,50,54,,35,,,,41,0,1
CAL-0178,Clinton,Mennella,2001-08-15,72,193,R,R,P,,1,RP,MR,,,,,49,,54,,58,60,41,47,45,68,73,,48,46,,,,72,0,1
CAL-0179,Moses,Kraushaar,1992-06-15,73,202,R,R,P,,1,RP,MR,,,,,46,,50,,45,49,39,58,69,53,47,48,,53,,,,63,0,1
CAL-0180,Filiberto,Christo,1995-09-15,71,200,L,L,P,,1,RP,MR,,,,,48,,59,,39,60,39,58,51,58,61,55,,48,,,,67,0,1
CAL-0181,Jonathon,Bonzo,1991-01-15,76,200,R,R,P,,1,RP,MR,,,,,52,,51,,54,56,29,53,58,51,50,50,,60,,,,44,0,1
CAL-0182,Daniel,Scharwath,2002-05-15,75,202,R,R,P,,1,RP,LR,,,,,61,,59,,36,52,54,51,51,75,62,,52,39,,,,81,0,1
CAL-0183,Normand,Feary,1996-06-15,73,225,R,R,C,,0,,,51,40,35,46,47,62,55,50,56,46,,,,,,,,,,,,39,0,1
CAL-0184,Hershel,Allegretti,1995-08-15,71,187,R,R,1B,,0,,,55,52,42,50,50,58,49,50,52,47,,,,,,,,,,,,54,0,1
CAL-0185,Abe,Balck,1992-01-15,71,193,L,L,2B,,0,,,53,41,52,49,52,54,47,50,52,50,,,,,,,,,,,,66,0,1
CAL-0186,Nicholas,Vivier,1995-07-15,71,192,L,L,3B,,0,,,47,53,50,47,50,53,66,50,58,41,,,,,,,,,,,,60,0,1
CAL-0187,Ali,Biagini,2000-07-15,77,205,L,L,SS,,0,,,50,41,58,52,52,50,52,50,58,54,,,,,,,,,,,,52,0,1
CAL-0188,Warner,Sozio,1994-05-15,73,202,S,R,LF,,0,,,50,57,49,51,48,48,35,50,52,56,,,,,,,,,,,,56,0,1
CAL-0189,Brian,Berling,1992-05-15,75,212,R,R,CF,,0,,,51,47,61,46,53,58,49,50,46,60,,,,,,,,,,,,44,0,1
CAL-0190,Dudley,Monka,1998-03-15,78,206,R,R,RF,,0,,,51,48,47,51,52,56,52,50,36,62,,,,,,,,,,,,69,0,1
CAL-0191,Jordon,Vegh,2003-08-15,75,229,R,R,DH,,0,,,56,51,46,54,45,59,45,50,36,48,,,,,,,,,,,,70,0,1
CAL-0192,Logan,Resner,2001-03-15,73,186,R,R,C,,0,,,44,43,35,40,45,62,61,50,47,56,,,,,,,,,,,,51,0,1
CAL-0193,Delbert,Shadwell,1991-08-15,76,221,L,L,2B,"SS,3B",0,,,47,47,48,43,45,57,44,50,63,56,,,,,,,,,,,,58,0,1
CAL-0194,Edwardo,Frymyer,1994-04-15,74,208,R,R,CF,"LF,RF",0,,,47,43,61,51,50,51,57,50,42,47,,,,,,,,,,,,63,0,1
CAL-0195,Reynaldo,Haflett,1993-08-15,73,209,L,L,1B,DH,0,,,44,48,36,51,46,61,37,50,41,43,,,,,,,,,,,,66,0,1
CAL-0196,Jamaal,Cadwallader,1993-08-15,76,219,R,R,P,,1,SP,SP,,,,,35,,38,,56,56,44,55,61,53,52,47,,,55,,,60,0,1
CAL-0197,Simon,Waidelich,2000-04-15,72,206,R,R,P,,1,SP,SP,,,,,44,,43,,64,48,57,51,48,62,39,50,,41,,,,59,0,1
CAL-0198,Dusty,Caballes,2001-04-15,74,212,R,R,P,,1,SP,SP,,,,,61,,53,,48,55,49,49,56,54,62,,30,47,,,,56,0,1
CAL-0199,Thurman,Beneker,2003-02-15,71,217,R,R,P,,1,SP,SP,,,,,53,,43,,49,62,66,58,49,54,56,,58,58,,,,73,0,1
CAL-0200,Son,Perrez,2000-08-15,72,201,R,R,P,,1,SP,SP,,,,,51,,53,,48,61,60,53,47,62,70,37,,,61,,,33,0,1
CAL-0201,Shane,Zervas,1993-05-15,71,214,L,L,P,,1,RP,CL,,,,,70,,64,,48,66,30,51,52,58,51,64,,59,,,,54,0,1
CAL-0202,Gene,Plass,2003-08-15,74,189,L,L,P,,1,RP,SU,,,,,30,,51,,50,55,39,59,59,52,73,,57,43,,,,53,0,1
CAL-0203,Jessie,Carvana,2002-07-15,73,194,R,R,P,,1,RP,SU,,,,,41,,50,,40,63,44,57,65,61,52,46,,68,,,,60,0,1
CAL-0204,Ollie,Aleo,1996-06-15,75,184,R,R,P,,1,RP,MR,,,,,49,,41,,58,54,45,55,58,67,40,,41,47,,,,69,0,1
CAL-0205,Wilbur,Stoutt,1999-06-15,74,235,R,R,P,,1,RP,MR,,,,,60,,46,,54,46,41,48,48,59,58,,55,45,,,,70,0,1
CAL-0206,Gregg,Peatman,2001-08-15,71,194,R,R,P,,1,RP,MR,,,,,48,,56,,66,53,38,52,54,44,48,,58,57,,,,66,0,1
CAL-0207,Rupert,Ladt,2000-07-15,74,215,R,R,P,,1,RP,MR,,,,,60,,50,,49,52,33,46,51,64,51,,45,58,,,,43,0,1
CAL-0208,Vince,Parsley,2001-09-15,69,177,R,R,P,,1,RP,LR,,,,,56,,53,,39,57,57,55,52,74,45,59,,50,,,,57,0,1
CAL-0209,Hugo,Borelli,1992-08-15,74,200,R,R,C,,0,,,49,46,39,47,55,61,36,50,68,55,,,,,,,,,,,,66,0,1
CAL-0210,Leon,Naddeo,2001-07-15,71,209,R,R,1B,,0,,,49,55,44,51,48,62,41,50,52,30,,,,,,,,,,,,46,0,1
CAL-0211,Boyce,Kosir,1993-02-15,78,225,R,R,2B,,0,,,50,47,58,48,49,56,53,50,60,63,,,,,,,,,,,,59,0,1
CAL-0212,Conrad,Gavagan,2000-03-15,73,217,R,R,3B,,0,,,56,52,44,48,54,58,44,50,53,47,,,,,,,,,,,,63,0,1
CAL-0213,Earl,Lybecker,2002-02-15,72,211,L,L,SS,,0,,,53,48,54,43,49,51,59,50,65,58,,,,,,,,,,,,51,0,1
CAL-0214,Filiberto,Bourjolly,1998-05-15,75,184,L,L,LF,,0,,,49,56,50,49,52,49,52,50,52,48,,,,,,,,,,,,44,0,1
CAL-0215,Armand,Defore,1993-06-15,75,188,R,R,CF,,0,,,47,46,63,46,51,60,51,50,50,55,,,,,,,,,,,,56,0,1
CAL-0216,Emmett,Fehnel,2002-03-15,69,198,L,L,RF,,0,,,49,56,48,52,51,51,47,50,31,69,,,,,,,,,,,,74,0,1
CAL-0217,Cordell,Polit,2000-01-15,71,223,L,L,DH,,0,,,47,55,46,55,49,54,66,50,56,35,,,,,,,,,,,,64,0,1
CAL-0218,Titus,Summey,1991-08-15,74,205,L,L,C,,0,,,44,43,31,39,55,64,46,50,49,54,,,,,,,,,,,,58,0,1
CAL-0219,Van,Corl,2001-04-15,72,220,S,R,2B,"SS,3B",0,,,51,37,46,49,46,49,66,50,62,47,,,,,,,,,,,,66,0,1
CAL-0220,Chang,Krise,1998-07-15,75,205,R,R,CF,"LF,RF",0,,,45,44,57,44,49,48,49,50,72,52,,,,,,,,,,,,49,0,1
CAL-0221,Raymon,Lacroix,2003-04-15,71,223,R,R,1B,DH,0,,,44,53,39,44,54,57,37,50,43,57,,,,,,,,,,,,60,0,1
CAL-0222,Rick,Trippett,2000-02-15,74,199,R,R,P,,1,SP,SP,,,,,40,,29,,49,56,69,54,51,59,58,45,,,59,,,51,0,1
CAL-0223,Gregg,Rodibaugh,1994-07-15,72,196,L,L,P,,1,SP,SP,,,,,66,,49,,54,63,46,51,49,50,66,40,,45,,,,80,0,1
CAL-0224,Maximo,Lapere,1992-09-15,72,203,L,L,P,,1,SP,SP,,,,,45,,44,,48,63,46,47,59,59,59,48,,50,,,,70,0,1
CAL-0225,Ed,Marchetta,1993-06-15,71,228,L,L,P,,1,SP,SP,,,,,49,,39,,54,58,63,49,48,38,52,52,,58,,,,62,0,1
CAL-0226,Garrett,Bernosky,1997-02-15,73,205,R,R,P,,1,SP,SP,,,,,42,,55,,50,55,41,57,55,48,58,49,,52,,,,58,0,1
CAL-0227,Tyrone,Crummett,1991-08-15,74,215,L,L,P,,1,RP,CL,,,,,40,,44,,43,75,31,43,62,44,73,62,,,51,,,58,0,1
CAL-0228,Horace,Flaxman,2000-07-15,76,202,R,R,P,,1,RP,SU,,,,,43,,64,,36,66,34,53,59,32,62,50,,47,,,,49,0,1
CAL-0229,Vance,Briant,1995-08-15,71,196,L,L,P,,1,RP,SU,,,,,37,,34,,57,60,32,50,56,63,66,49,,62,,,,59,0,1
CAL-0230,Warner,Kierstead,2001-01-15,73,196,R,R,P,,1,RP,MR,,,,,58,,54,,54,56,42,47,47,34,72,,48,41,,,,55,0,1
CAL-0231,Yong,Chapko,2002-08-15,75,199,R,R,P,,1,RP,MR,,,,,46,,46,,54,52,42,49,44,41,69,,66,60,,,,50,0,1
CAL-0232,Marshall,Banducci,1994-07-15,76,198,R,R,P,,1,RP,MR,,,,,56,,51,,50,50,39,51,51,52,37,52,,52,,,,61,0,1
CAL-0233,Tanner,Klitz,1999-03-15,74,205,R,R,P,,1,RP,MR,,,,,60,,52,,62,48,35,58,62,32,65,,48,42,,,,56,0,1
CAL-0234,Rashad,Hanger,2001-03-15,73,187,L,L,P,,1,RP,LR,,,,,56,,50,,53,50,49,52,51,66,38,60,,,59,,,51,0,1
CAL-0235,Gordon,Thelen,1996-06-15,75,196,L,L,C,,0,,,48,48,38,48,41,57,51,50,51,65,,,,,,,,,,,,73,0,1
CAL-0236,Shaun,Ostrzyeki,2002-09-15,72,192,S,R,1B,,0,,,45,53,43,48,50,54,52,50,55,49,,,,,,,,,,,,70,0,1
CAL-0237,Lucius,Payson,2002-07-15,75,190,R,R,2B,,0,,,53,42,58,47,50,56,56,50,56,54,,,,,,,,,,,,70,0,1
CAL-0238,Heriberto,Embly,1992-06-15,75,199,S,R,3B,,0,,,46,54,44,50,47,52,50,50,37,68,,,,,,,,,,,,55,0,1
CAL-0239,Roosevelt,Crinklaw,2001-03-15,74,219,R,R,SS,,0,,,48,51,62,49,54,57,55,50,50,55,,,,,,,,,,,,54,0,1
CAL-0240,Mauro,Moland,1992-04-15,75,204,R,R,LF,,0,,,47,50,49,56,47,43,47,50,47,38,,,,,,,,,,,,52,0,1
CAL-0241,Jesus,Rudi,1995-08-15,75,164,R,R,CF,,0,,,47,46,61,50,47,50,54,50,53,37,,,,,,,,,,,,66,0,1
CAL-0242,Eugenio,Riseden,1996-01-15,73,222,L,L,RF,,0,,,52,56,48,52,47,59,49,50,64,45,,,,,,,,,,,,56,0,1
CAL-0243,Raymundo,Greenman,1998-02-15,72,195,R,R,DH,,0,,,56,52,41,53,50,57,37,50,47,45,,,,,,,,,,,,55,0,1
CAL-0244,Andrew,Vilkama,1994-06-15,71,229,R,R,C,,0,,,44,39,39,42,45,54,28,50,47,50,,,,,,,,,,,,58,0,1
CAL-0245,Jared,Rody,2001-09-15,78,190,R,R,2B,"SS,3B",0,,,49,41,45,41,56,50,50,50,54,46,,,,,,,,,,,,63,0,1
CAL-0246,Mathew,Schuckert,1994-08-15,77,201,L,L,CF,"LF,RF",0,,,45,49,53,41,48,58,53,50,43,46,,,,,,,,,,,,34,0,1
CAL-0247,Rocky,Charles,2001-04-15,70,194,R,R,1B,DH,0,,,44,46,38,47,49,55,54,50,42,52,,,,,,,,,,,,71,0,1
CAL-0248,Frankie,Firkins,1996-07-15,72,212,L,L,P,,1,SP,SP,,,,,46,,46,,57,60,61,52,55,67,65,51,,,47,,,69,0,1
CAL-0249,Andre,Clavelle,2003-05-15,76,215,R,R,P,,1,SP,SP,,,,,55,,50,,43,60,46,57,55,49,40,53,,49,,,,63,0,1
CAL-0250,Bryon,Silguero,1996-04-15,71,193,R,R,P,,1,SP,SP,,,,,51,,37,,56,60,59,62,53,53,72,53,,,37,,,63,0,1
CAL-0251,Lyle,Albani,1999-04-15,75,213,L,L,P,,1,SP,SP,,,,,48,,36,,56,60,57,52,56,31,71,53,,60,,,,54,0,1
CAL-0252,Jorge,Bottari,2003-05-15,74,192,R,R,P,,1,SP,SP,,,,,46,,55,,58,54,51,52,58,38,54,62,,53,,,,62,0,1
CAL-0253,Jody,Baken,2001-03-15,70,201,R,R,P,,1,RP,CL,,,,,51,,53,,56,64,28,54,56,53,43,45,,53,,,,55,0,1
CAL-0254,Bobbie,Flechsig,2000-08-15,74,214,L,L,P,,1,RP,SU,,,,,54,,46,,49,50,31,49,63,43,71,55,,,57,,,65,0,1
CAL-0255,Edmundo,Rainbolt,1994-02-15,74,184,R,R,P,,1,RP,SU,,,,,51,,42,,47,62,36,52,53,55,68,52,,51,,,,65,0,1
CAL-0256,Robby,Swailes,1997-01-15,76,195,R,R,P,,1,RP,MR,,,,,51,,41,,39,48,43,40,49,52,38,,54,50,,,,62,0,1
CAL-0257,Lance,Laba,2000-01-15,73,200,L,L,P,,1,RP,MR,,,,,60,,43,,51,51,25,51,56,53,43,64,,69,,,,76,0,1
CAL-0258,Berry,Fosher,1993-09-15,73,193,R,R,P,,1,RP,MR,,,,,54,,40,,39,57,42,56,48,63,71,58,,48,,,,73,0,1
CAL-0259,Lucas,Phramany,1993-03-15,71,195,R,R,P,,1,RP,MR,,,,,44,,48,,39,52,41,52,52,62,57,,57,63,,,,58,0,1
CAL-0260,Darius,Barbosa,1999-05-15,69,225,R,R,P,,1,RP,LR,,,,,46,,50,,48,52,52,48,56,49,60,,42,33,,,,69,0,1
CAL-0261,Amos,Polverari,1992-02-15,75,210,R,R,C,,0,,,46,48,37,43,52,58,41,50,61,48,,,,,,,,,,,,48,0,1
CAL-0262,Cortez,Hofstetter,1996-01-15,74,226,S,R,1B,,0,,,49,57,47,50,49,46,36,50,63,58,,,,,,,,,,,,45,0,1
CAL-0263,Cleveland,Sigwart,1993-02-15,75,205,L,L,2B,,0,,,49,50,56,54,53,57,58,50,51,56,,,,,,,,,,,,60,0,1
CAL-0264,Emilio,Ingrum,2001-09-15,71,193,L,L,3B,,0,,,48,51,56,55,52,53,53,50,59,67,,,,,,,,,,,,64,0,1
CAL-0265,Francisco,Caudle,1998-06-15,71,186,L,L,SS,,0,,,52,46,61,42,48,49,39,50,53,54,,,,,,,,,,,,57,0,1
CAL-0266,Eldon,Jarvinen,1995-04-15,71,207,R,R,LF,,0,,,53,52,49,49,54,48,51,50,48,61,,,,,,,,,,,,66,0,1
CAL-0267,Clifford,Womer,2001-09-15,75,192,R,R,CF,,0,,,47,43,56,49,51,60,41,50,61,54,,,,,,,,,,,,51,0,1
CAL-0268,Herschel,Burrows,2000-04-15,72,223,R,R,RF,,0,,,49,52,44,45,58,50,32,50,44,58,,,,,,,,,,,,70,0,1
CAL-0269,Luigi,Demmy,1999-02-15,73,206,L,L,DH,,0,,,51,54,50,51,54,51,34,50,38,46,,,,,,,,,,,,78,0,1
CAL-0270,Del,Abramian,1996-03-15,73,206,L,L,C,,0,,,44,36,41,42,51,59,45,50,40,51,,,,,,,,,,,,53,0,1
CAL-0271,Emile,Hebrank,1999-05-15,72,210,L,L,2B,"SS,3B",0,,,52,44,51,43,45,47,51,50,45,43,,,,,,,,,,,,81,0,1
CAL-0272,Rodger,Lands,1991-04-15,72,216,L,L,CF,"LF,RF",0,,,48,42,55,45,49,66,64,50,53,47,,,,,,,,,,,,60,0,1
CAL-0273,Edmond,Wolle,1994-07-15,74,200,L,L,1B,DH,0,,,45,48,34,46,49,49,60,50,57,58,,,,,,,,,,,,54,0,1
CAL-0274,Wyatt,Truglio,1993-05-15,75,217,R,R,P,,1,SP,SP,,,,,53,,51,,57,46,49,59,43,70,61,59,,47,,,,51,0,1
CAL-0275,Joesph,Faltin,2000-02-15,74,201,R,R,P,,1,SP,SP,,,,,67,,37,,55,50,60,41,60,63,59,49,,55,,,,68,0,1
CAL-0276,Angelo,Arita,1997-03-15,71,229,R,R,P,,1,SP,SP,,,,,43,,48,,46,53,55,45,51,54,43,60,,41,,,,55,0,1
CAL-0277,Cornelius,Krey,1991-02-15,76,212,R,R,P,,1,SP,SP,,,,,41,,63,,62,43,56,58,54,65,79,,59,44,,,,70,0,1
CAL-0278,Harrison,Scutt,1991-08-15,71,220,R,R,P,,1,SP,SP,,,,,56,,55,,56,56,55,55,48,36,56,,60,59,,,,67,0,1
CAL-0279,Norberto,Testa,2000-09-15,74,221,L,L,P,,1,RP,CL,,,,,50,,62,,53,67,33,49,58,69,64,63,,42,,,,61,0,1
CAL-0280,Chung,Caggiano,1993-03-15,71,214,R,R,P,,1,RP,SU,,,,,42,,48,,40,58,27,47,56,38,63,58,,,57,,,66,0,1
CAL-0281,Billy,Charpentier,1999-01-15,75,194,L,L,P,,1,RP,SU,,,,,41,,40,,43,71,31,52,53,34,77,41,,37,,,,58,0,1
CAL-0282,Robbie,Fenlon,1999-03-15,73,191,L,L,P,,1,RP,MR,,,,,51,,44,,41,53,50,48,50,58,54,55,,48,,,,55,0,1
CAL-0283,Kristofer,Sypher,2000-03-15,69,206,R,R,P,,1,RP,MR,,,,,48,,46,,36,53,42,52,46,57,53,,72,55,,,,68,0,1
CAL-0284,Graig,Traczyk,1993-03-15,70,195,R,R,P,,1,RP,MR,,,,,50,,48,,56,62,44,51,47,39,35,33,,,53,,,53,0,1
CAL-0285,Ira,Sideris,1991-06-15,72,210,R,R,P,,1,RP,MR,,,,,30,,51,,48,64,37,51,57,37,44,49,,,57,,,48,0,1
CAL-0286,Riley,Westermark,1992-07-15,74,207,R,R,P,,1,RP,LR,,,,,42,,44,,48,49,62,48,48,67,60,53,,,60,,,54,0,1
CAL-0287,Elvis,Mewes,1995-05-15,72,216,R,R,C,,0,,,46,47,44,46,47,45,47,50,49,43,,,,,,,,,,,,64,0,1
CAL-0288,Marty,Hoogheem,1999-07-15,75,192,R,R,1B,,0,,,49,60,43,49,51,59,43,50,45,59,,,,,,,,,,,,61,0,1
CAL-0289,Pierre,Schavone,2001-05-15,75,203,L,L,2B,,0,,,53,47,55,51,50,56,49,50,66,63,,,,,,,,,,,,47,0,1
CAL-0290,Damion,Belkin,1995-03-15,74,189,R,R,3B,,0,,,51,54,44,50,46,60,34,50,51,61,,,,,,,,,,,,62,0,1
CAL-0291,Roger,Glasser,2001-02-15,69,175,R,R,SS,,0,,,45,52,55,56,45,44,32,50,52,57,,,,,,,,,,,,67,0,1
CAL-0292,Porter,Longhurst,2001-01-15,72,207,L,L,LF,,0,,,48,53,45,51,51,54,52,50,49,54,,,,,,,,,,,,44,0,1
CAL-0293,Philip,Mooneyham,1995-05-15,74,204,R,R,CF,,0,,,50,51,61,51,51,56,57,50,52,47,,,,,,,,,,,,66,0,1
CAL-0294,Gabriel,Moyle,1999-02-15,74,193,R,R,RF,,0,,,50,51,51,46,50,46,51,50,58,59,,,,,,,,,,,,67,0,1
CAL-0295,Joesph,Dahn,2003-06-15,71,222,R,R,DH,,0,,,53,54,41,51,50,54,47,50,32,51,,,,,,,,,,,,53,0,1
CAL-0296,Ernie,Onstott,1998-07-15,75,197,L,L,C,,0,,,44,39,37,47,47,48,52,50,53,52,,,,,,,,,,,,52,0,1
CAL-0297,Darell,Benage,1994-03-15,73,196,L,L,2B,"SS,3B",0,,,48,40,51,43,50,57,65,50,58,52,,,,,,,,,,,,57,0,1
CAL-0298,Calvin,Burright,2000-03-15,73,200,R,R,CF,"LF,RF",0,,,46,41,60,40,44,49,54,50,50,51,,,,,,,,,,,,52,0,1
CAL-0299,Kristofer,Laud,2002-08-15,73,205,L,L,1B,DH,0,,,45,47,37,48,47,64,51,50,60,47,,,,,,,,,,,,46,0,1
CAL-0300,Clarence,Lanigan,1998-07-15,72,213,L,L,P,,1,SP,SP,,,,,36,,46,,46,45,65,46,50,58,67,54,,,60,,,56,0,1
CAL-0301,Dewayne,Pho,1994-09-15,73,167,R,R,P,,1,SP,SP,,,,,50,,44,,44,52,55,57,59,60,56,,49,56,,,,57,0,1
CAL-0302,Forest,Fergerstrom,1996-04-15,73,203,R,R,P,,1,SP,SP,,,,,52,,56,,57,51,66,42,43,62,34,58,,52,,,,83,0,1
CAL-0303,Donovan,Dewaele,1991-09-15,73,213,R,R,P,,1,SP,SP,,,,,50,,49,,42,43,58,59,51,69,65,51,,49,,,,65,0,1
CAL-0304,Donnie,Bermers,1992-03-15,79,199,R,R,P,,1,SP,SP,,,,,57,,64,,45,57,46,49,55,51,57,,49,55,,,,60,0,1
CAL-0305,Maurice,Maler,2001-08-15,73,209,R,R,P,,1,RP,CL,,,,,37,,56,,55,61,35,52,55,32,55,52,,,57,,,58,0,1
CAL-0306,Florentino,Krupicka,1993-09-15,71,210,R,R,P,,1,RP,SU,,,,,52,,41,,54,54,37,50,64,30,65,65,,,58,,,55,0,1
CAL-0307,Gregory,Statz,1997-04-15,73,192,L,L,P,,1,RP,SU,,,,,61,,57,,56,54,26,57,46,42,48,56,,55,,,,49,0,1
CAL-0308,William,Popplewell,2003-07-15,73,186,R,R,P,,1,RP,MR,,,,,44,,53,,61,57,37,49,53,34,53,,62,43,,,,65,0,1
CAL-0309,Daryl,Cuffari,1991-03-15,76,198,R,R,P,,1,RP,MR,,,,,38,,52,,53,62,25,50,57,33,55,53,,58,,,,76,0,1
CAL-0310,Tuan,Perschall,1993-08-15,72,229,R,R,P,,1,RP,MR,,,,,49,,57,,36,54,40,49,59,46,72,,53,46,,,,57,0,1
CAL-0311,Benny,Tigges,1992-05-15,74,222,R,R,P,,1,RP,MR,,,,,48,,47,,38,58,26,50,54,45,71,,61,49,,,,89,0,1
CAL-0312,Dong,Ovando,2002-08-15,74,194,R,R,P,,1,RP,LR,,,,,53,,48,,40,52,48,34,40,56,75,,56,43,,,,69,0,1
CAL-0313,Filiberto,Carboneau,1993-03-15,72,200,R,R,C,,0,,,50,47,47,50,55,47,47,50,46,52,,,,,,,,,,,,63,0,1
CAL-0314,Garth,Sporleder,2002-08-15,72,204,R,R,1B,,0,,,51,50,43,49,49,58,40,50,51,41,,,,,,,,,,,,55,0,1
CAL-0315,Vaughn,Soun,2003-03-15,73,189,R,R,2B,,0,,,52,40,55,46,53,48,37,50,61,56,,,,,,,,,,,,84,0,1
CAL-0316,Mac,Brander,1997-08-15,74,179,R,R,3B,,0,,,50,52,40,49,49,56,62,50,70,49,,,,,,,,,,,,54,0,1
CAL-0317,Elvis,Salguero,1997-04-15,74,186,R,R,SS,,0,,,50,51,59,50,44,47,55,50,59,57,,,,,,,,,,,,57,0,1
CAL-0318,Myles,Georgis,1999-02-15,72,198,R,R,LF,,0,,,48,50,50,52,50,52,46,50,48,48,,,,,,,,,,,,60,0,1
CAL-0319,Jerrod,Kastens,2001-02-15,73,211,R,R,CF,,0,,,47,45,51,47,49,61,50,50,53,47,,,,,,,,,,,,67,0,1
CAL-0320,Garfield,Viets,1993-06-15,69,219,R,R,RF,,0,,,56,56,53,43,50,58,52,50,62,56,,,,,,,,,,,,72,0,1
CAL-0321,Tuan,Nygren,1996-05-15,72,183,R,R,DH,,0,,,44,53,39,55,50,63,51,50,37,44,,,,,,,,,,,,50,0,1
CAL-0322,Gerry,Gregori,1993-07-15,71,203,R,R,C,,0,,,44,41,37,42,51,64,49,50,65,47,,,,,,,,,,,,58,0,1
CAL-0323,Duane,Kildare,1992-09-15,71,197,R,R,2B,"SS,3B",0,,,52,40,50,46,48,53,56,50,42,61,,,,,,,,,,,,45,0,1
CAL-0324,Gus,Adu,2002-04-15,73,204,R,R,CF,"LF,RF",0,,,44,44,57,41,51,50,54,50,57,55,,,,,,,,,,,,66,0,1
CAL-0325,Truman,Damrow,1993-05-15,71,221,L,L,1B,DH,0,,,45,52,43,43,51,62,53,50,39,57,,,,,,,,,,,,57,0,1
CAL-0326,Louis,Mcfatter,1998-06-15,75,215,R,R,P,,1,SP,SP,,,,,60,,52,,61,51,60,50,55,33,57,53,,,51,,,83,0,1
CAL-0327,Jae,Thielges,2001-09-15,74,201,R,R,P,,1,SP,SP,,,,,43,,40,,56,63,41,51,47,49,59,60,,64,,,,58,0,1
CAL-0328,Gino,Seikaly,1995-06-15,69,211,R,R,P,,1,SP,SP,,,,,53,,48,,46,64,60,49,45,44,52,42,,63,,,,49,0,1
CAL-0329,Ali,Ruttinger,1993-03-15,72,201,R,R,P,,1,SP,SP,,,,,48,,47,,46,54,50,55,54,43,53,,54,48,,,,63,0,1
CAL-0330,Dwight,Hasse,1994-01-15,76,190,L,L,P,,1,SP,SP,,,,,62,,42,,48,59,44,52,58,66,51,,58,40,,,,62,0,1
CAL-0331,Zachery,Mcglothlin,2002-04-15,73,218,R,R,P,,1,RP,CL,,,,,45,,56,,56,57,34,46,59,46,46,50,,,61,,,50,0,1
CAL-0332,Sidney,Gariti,1998-03-15,75,193,L,L,P,,1,RP,SU,,,,,55,,42,,56,70,27,49,62,49,55,,49,51,,,,59,0,1
CAL-0333,Bennie,Otano,2000-02-15,73,180,L,L,P,,1,RP,SU,,,,,53,,51,,50,51,32,54,64,47,84,49,,53,,,,58,0,1
CAL-0334,Antony,Bondre,1991-09-15,76,198,R,R,P,,1,RP,MR,,,,,39,,58,,57,51,43,50,58,59,65,49,,,51,,,48,0,1
CAL-0335,Anthony,Guadeloupe,2003-02-15,71,240,L,L,P,,1,RP,MR,,,,,49,,46,,42,56,25,50,48,48,65,46,,,62,,,61,0,1
CAL-0336,Samual,Toalson,1992-07-15,74,201,R,R,P,,1,RP,MR,,,,,40,,34,,51,56,27,42,52,38,81,62,,53,,,,59,0,1
CAL-0337,Tomas,Kopsho,1998-03-15,74,202,R,R,P,,1,RP,MR,,,,,52,,60,,47,53,27,47,54,40,55,56,,,57,,,54,0,1
CAL-0338,Chang,Winlock,2002-06-15,70,199,L,L,P,,1,RP,LR,,,,,43,,55,,51,51,61,48,40,43,61,,50,53,,,,42,0,1
CAL-0339,Tad,Ciaramitaro,1996-06-15,76,224,R,R,C,,0,,,49,48,37,47,52,53,44,50,59,52,,,,,,,,,,,,65,0,1
CAL-0340,Malik,Lyon,2000-09-15,70,212,L,L,1B,,0,,,48,51,46,50,50,65,43,50,69,35,,,,,,,,,,,,75,0,1
CAL-0341,Columbus,Huyler,1998-04-15,77,230,L,L,2B,,0,,,50,48,55,50,52,52,52,50,57,56,,,,,,,,,,,,63,0,1
CAL-0342,Trinidad,How,1998-02-15,69,187,S,R,3B,,0,,,51,52,47,56,48,60,41,50,46,43,,,,,,,,,,,,73,0,1
CAL-0343,Horace,Feilbach,2003-01-15,74,205,S,R,SS,,0,,,50,45,65,43,51,48,43,50,62,68,,,,,,,,,,,,56,0,1
CAL-0344,Bryon,Geoffrey,1995-01-15,75,186,R,R,LF,,0,,,51,53,49,56,53,55,51,50,45,47,,,,,,,,,,,,67,0,1
CAL-0345,Rich,Seykora,1991-01-15,74,210,R,R,CF,,0,,,53,47,46,54,48,55,48,50,56,51,,,,,,,,,,,,70,0,1
CAL-0346,Justin,Arendash,1999-01-15,77,200,R,R,RF,,0,,,52,51,52,53,51,56,54,50,54,53,,,,,,,,,,,,69,0,1
CAL-0347,Gaylord,Henk,1999-05-15,75,182,R,R,DH,,0,,,49,51,43,54,50,60,50,50,44,34,,,,,,,,,,,,77,0,1
CAL-0348,Lenny,Pick,2001-01-15,72,189,R,R,C,,0,,,44,43,30,39,53,70,61,50,68,68,,,,,,,,,,,,55,0,1
CAL-0349,Jay,Vandergrift,2003-07-15,72,192,L,L,2B,"SS,3B",0,,,51,40,43,50,53,54,46,50,48,61,,,,,,,,,,,,71,0,1
CAL-0350,Noe,Jacquay,1994-07-15,73,187,R,R,CF,"LF,RF",0,,,44,42,51,44,49,55,39,50,60,48,,,,,,,,,,,,55,0,1
CAL-0351,Gilbert,Dartez,2003-05-15,70,191,R,R,1B,DH,0,,,44,46,37,46,50,66,54,50,56,48,,,,,,,,,,,,66,0,1
CAL-0352,Darwin,Abitong,1994-09-15,71,203,R,R,P,,1,SP,SP,,,,,63,,50,,46,52,54,52,53,56,57,43,,66,,,,50,0,1
CAL-0353,Edgardo,Guberman,1996-04-15,74,207,L,L,P,,1,SP,SP,,,,,31,,57,,50,56,51,58,50,63,64,44,,55,,,,59,0,1
CAL-0354,Zachariah,Dieball,1995-09-15,75,215,L,L,P,,1,SP,SP,,,,,45,,53,,51,54,72,54,38,47,43,,43,57,,,,79,0,1
CAL-0355,Edmond,Spinoza,2000-03-15,73,194,R,R,P,,1,SP,SP,,,,,44,,51,,42,57,55,58,55,43,60,62,,41,,,,62,0,1
CAL-0356,Lucius,Mcgriff,1993-09-15,76,191,L,L,P,,1,SP,SP,,,,,64,,54,,45,53,43,45,48,41,55,54,,56,,,,82,0,1
CAL-0357,Young,Baldacchino,1998-06-15,73,210,L,L,P,,1,RP,CL,,,,,54,,37,,52,64,30,39,54,59,63,,53,37,,,,61,0,1
CAL-0358,Glenn,Whitcher,1992-07-15,76,205,L,L,P,,1,RP,SU,,,,,41,,53,,44,53,38,49,58,41,77,47,,,43,,,72,0,1
CAL-0359,Ahmed,Mulrenin,1993-04-15,71,210,R,R,P,,1,RP,SU,,,,,47,,54,,50,67,35,48,55,43,52,,62,56,,,,74,0,1
CAL-0360,Terrell,Finucan,1998-02-15,73,185,R,R,P,,1,RP,MR,,,,,49,,47,,51,60,29,53,46,54,48,60,,61,,,,62,0,1
CAL-0361,Leroy,Kiehn,1995-05-15,72,202,R,R,P,,1,RP,MR,,,,,56,,46,,50,51,25,56,63,47,49,59,,53,,,,61,0,1
CAL-0362,Doyle,Agena,1992-02-15,77,204,L,L,P,,1,RP,MR,,,,,51,,48,,43,52,25,60,48,46,38,43,,43,,,,62,0,1
CAL-0363,Fidel,Deroos,1991-06-15,77,182,R,R,P,,1,RP,MR,,,,,50,,31,,51,58,31,56,52,54,53,,50,48,,,,73,0,1
CAL-0364,Nathanial,Biedrzycki,2001-06-15,72,206,R,R,P,,1,RP,LR,,,,,61,,56,,55,56,51,51,51,40,70,44,,59,,,,72,0,1
CAL-0365,Houston,Klebe,1999-06-15,75,222,R,R,C,,0,,,51,47,43,47,51,55,34,50,49,65,,,,,,,,,,,,57,0,1
CAL-0366,Royal,Derden,2001-08-15,73,197,L,L,1B,,0,,,48,51,43,52,49,64,44,50,46,48,,,,,,,,,,,,68,0,1
CAL-0367,Emmitt,Zingone,2003-02-15,74,191,L,L,2B,,0,,,57,46,52,51,53,54,47,50,59,58,,,,,,,,,,,,61,0,1
CAL-0368,Morgan,Ellegood,1993-01-15,71,209,S,R,3B,,0,,,53,47,52,47,48,57,49,50,63,58,,,,,,,,,,,,38,0,1
CAL-0369,Dusty,Balas,2001-07-15,74,215,R,R,SS,,0,,,47,48,55,53,50,60,41,50,47,52,,,,,,,,,,,,36,0,1
CAL-0370,Shannon,Jonah,2000-05-15,72,208,L,L,LF,,0,,,49,50,56,49,48,62,49,50,51,37,,,,,,,,,,,,62,0,1
CAL-0371,Davis,Trudelle,2000-03-15,76,211,R,R,CF,,0,,,53,50,62,53,53,53,49,50,59,46,,,,,,,,,,,,73,0,1
CAL-0372,Erich,Rissman,1999-07-15,75,218,S,R,RF,,0,,,44,53,52,55,47,49,45,50,44,50,,,,,,,,,,,,55,0,1
CAL-0373,Damon,Laroque,1993-07-15,73,216,L,L,DH,,0,,,50,54,40,47,47,63,47,50,38,33,,,,,,,,,,,,62,0,1
CAL-0374,Jarrett,Beasmore,2000-02-15,72,207,L,L,C,,0,,,44,51,32,43,44,62,49,50,61,32,,,,,,,,,,,,78,0,1
CAL-0375,Wilmer,Franzoni,2003-08-15,73,190,S,R,2B,"SS,3B",0,,,46,45,47,42,47,49,42,50,57,41,,,,,,,,,,,,62,0,1
CAL-0376,Randall,Nemunaitis,1999-06-15,71,200,R,R,CF,"LF,RF",0,,,46,41,52,46,52,54,48,50,54,55,,,,,,,,,,,,73,0,1
CAL-0377,Russ,Ziemba,2001-09-15,70,210,L,L,1B,DH,0,,,46,47,34,46,52,56,47,50,50,41,,,,,,,,,,,,52,0,1
CAL-0378,Mikel,Sanderford,1999-08-15,71,184,R,R,P,,1,SP,SP,,,,,50,,41,,49,59,62,63,54,50,75,51,,,60,,,66,0,1
CAL-0379,Brock,Bartlette,2000-04-15,75,184,L,L,P,,1,SP,SP,,,,,49,,65,,57,54,70,55,53,79,54,54,,60,,,,47,0,1
CAL-0380,Guy,Juniper,1999-04-15,69,196,R,R,P,,1,SP,SP,,,,,56,,50,,45,58,65,50,49,40,64,56,,,35,,,74,0,1
CAL-0381,Rhett,Mcchesney,1993-07-15,75,236,L,L,P,,1,SP,SP,,,,,48,,44,,56,68,57,53,59,58,69,54,,56,,,,60,0,1
CAL-0382,Errol,Zinkl,1999-02-15,73,239,R,R,P,,1,SP,SP,,,,,48,,59,,60,56,48,53,58,47,77,,64,66,,,,43,0,1
CAL-0383,Randy,Kappel,2003-08-15,72,217,L,L,P,,1,RP,CL,,,,,44,,42,,48,63,28,58,58,53,49,,60,60,,,,75,0,1
CAL-0384,Ryan,Scarp,1991-01-15,73,202,R,R,P,,1,RP,SU,,,,,47,,51,,43,64,32,48,52,47,49,,54,57,,,,53,0,1
CAL-0385,Ellsworth,Alessandrini,1991-06-15,73,198,R,R,P,,1,RP,SU,,,,,44,,52,,48,59,30,52,58,38,56,,46,47,,,,48,0,1
CAL-0386,Eric,Kolbusz,2000-01-15,72,218,R,R,P,,1,RP,MR,,,,,56,,39,,61,52,42,50,48,48,77,,58,50,,,,52,0,1
CAL-0387,Philip,Depottey,1993-02-15,72,210,R,R,P,,1,RP,MR,,,,,41,,45,,48,53,25,52,44,39,50,,51,44,,,,64,0,1
CAL-0388,Cleveland,Metty,1995-02-15,76,232,R,R,P,,1,RP,MR,,,,,48,,43,,57,59,25,59,49,55,56,,60,50,,,,71,0,1
CAL-0389,Michael,Youngman,1996-09-15,72,210,L,L,P,,1,RP,MR,,,,,42,,57,,49,48,46,53,61,47,58,55,,53,,,,38,0,1
CAL-0390,Mariano,Koves,1992-04-15,73,198,L,L,P,,1,RP,LR,,,,,55,,51,,53,49,53,53,58,42,77,50,,,58,,,67,0,1
CAL-0391,Stevie,Verity,2000-02-15,71,215,S,R,C,,0,,,50,48,45,54,48,43,66,50,50,48,,,,,,,,,,,,70,0,1
CAL-0392,Fabian,Brazler,1992-04-15,72,198,S,R,1B,,0,,,50,50,39,50,57,56,37,50,60,54,,,,,,,,,,,,60,0,1
CAL-0393,Darren,Dawson,1996-09-15,72,202,R,R,2B,,0,,,48,49,51,50,54,45,57,50,58,62,,,,,,,,,,,,55,0,1
CAL-0394,Tony,Weech,2000-01-15,73,189,R,R,3B,,0,,,48,52,49,52,50,55,61,50,53,44,,,,,,,,,,,,50,0,1
CAL-0395,Christopher,Balladares,1996-01-15,69,190,R,R,SS,,0,,,52,51,60,51,52,49,58,50,43,59,,,,,,,,,,,,72,0,1
CAL-0396,Myron,Decaprio,1992-01-15,70,217,R,R,LF,,0,,,50,50,47,45,47,53,54,50,43,45,,,,,,,,,,,,58,0,1
CAL-0397,Randolph,Lighty,2000-01-15,72,190,L,L,CF,,0,,,53,43,56,47,54,53,53,50,53,67,,,,,,,,,,,,61,0,1
CAL-0398,Johnathan,Dzubak,2002-02-15,71,205,L,L,RF,,0,,,49,60,52,55,49,57,46,50,50,49,,,,,,,,,,,,62,0,1
CAL-0399,Darren,Culler,2003-05-15,73,188,S,R,DH,,0,,,58,47,38,50,50,54,48,50,48,51,,,,,,,,,,,,65,0,1
CAL-0400,Darell,Geanopulos,2001-05-15,70,208,R,R,C,,0,,,44,43,39,39,50,58,38,50,55,69,,,,,,,,,,,,62,0,1
CAL-0401,Rory,Chang,1992-01-15,72,211,R,R,2B,"SS,3B",0,,,44,41,45,43,47,56,53,50,54,45,,,,,,,,,,,,69,0,1
CAL-0402,Jeff,Jasmin,1994-09-15,70,195,L,L,CF,"LF,RF",0,,,44,45,49,52,49,55,58,50,41,44,,,,,,,,,,,,82,0,1
CAL-0403,Jerrell,Ramsdale,1994-03-15,73,214,R,R,1B,DH,0,,,44,46,36,45,50,54,42,50,52,42,,,,,,,,,,,,54,0,1
CAL-0404,Waldo,Lefave,2002-02-15,75,194,R,R,P,,1,SP,SP,,,,,49,,47,,47,70,54,46,60,45,56,,49,47,,,,56,0,1
CAL-0405,Lucas,Phan,2000-07-15,72,227,R,R,P,,1,SP,SP,,,,,52,,65,,51,51,56,57,63,53,72,,53,65,,,,72,0,1
CAL-0406,Mike,Rampley,1999-06-15,71,196,R,R,P,,1,SP,SP,,,,,61,,41,,52,62,70,50,58,45,72,58,,53,,,,49,0,1
CAL-0407,Ervin,Deiter,2001-06-15,76,188,R,R,P,,1,SP,SP,,,,,50,,46,,46,58,51,51,49,42,57,,55,57,,,,64,0,1
CAL-0408,Vito,David,1995-03-15,72,200,R,R,P,,1,SP,SP,,,,,49,,65,,50,56,67,51,52,37,83,47,,55,,,,54,0,1
CAL-0409,Carmen,Mccarr,1999-01-15,71,220,R,R,P,,1,RP,CL,,,,,44,,62,,52,67,32,52,54,50,61,,62,68,,,,61,0,1
CAL-0410,Delbert,Viken,2001-08-15,75,188,L,L,P,,1,RP,SU,,,,,62,,59,,51,62,28,45,56,47,57,55,,,61,,,56,0,1
CAL-0411,Leslie,Scot,1993-03-15,74,228,R,R,P,,1,RP,SU,,,,,52,,51,,43,56,36,51,54,69,49,43,,,49,,,48,0,1
CAL-0412,Rubin,Davise,2003-04-15,72,187,L,L,P,,1,RP,MR,,,,,48,,43,,67,47,51,49,50,54,44,45,,,50,,,56,0,1
CAL-0413,Giovanni,Spitz,1997-01-15,73,202,R,R,P,,1,RP,MR,,,,,48,,58,,53,48,39,55,43,47,58,50,,,45,,,54,0,1
CAL-0414,Mitch,Oppliger,2001-05-15,71,204,R,R,P,,1,RP,MR,,,,,47,,52,,52,59,28,55,62,58,64,46,,61,,,,53,0,1
CAL-0415,Benedict,Terrezza,2000-05-15,76,201,R,R,P,,1,RP,MR,,,,,53,,40,,46,54,42,40,59,55,55,47,,60,,,,58,0,1
CAL-0416,Steve,Mescher,1997-01-15,77,204,R,R,P,,1,RP,LR,,,,,34,,62,,38,47,62,56,45,62,57,,54,45,,,,49,0,1
CAL-0417,Kyle,Hazzard,1999-08-15,72,173,L,L,C,,0,,,51,48,35,52,49,58,44,50,55,53,,,,,,,,,,,,54,0,1
CAL-0418,Winston,Ahal,1999-06-15,72,182,L,L,1B,,0,,,50,53,43,49,54,55,70,50,48,52,,,,,,,,,,,,61,0,1
CAL-0419,Mac,Buntyn,1991-05-15,75,187,R,R,2B,,0,,,52,51,54,50,50,60,45,50,51,43,,,,,,,,,,,,33,0,1
CAL-0420,Deshawn,Loren,1995-06-15,74,210,L,L,3B,,0,,,44,51,48,50,49,54,51,50,45,35,,,,,,,,,,,,63,0,1
CAL-0421,Augustine,Cumberlander,1993-06-15,75,219,S,R,SS,,0,,,46,44,54,47,49,65,62,50,55,57,,,,,,,,,,,,50,0,1
CAL-0422,Raymon,Roddam,2000-06-15,74,225,R,R,LF,,0,,,49,52,56,51,47,48,43,50,45,41,,,,,,,,,,,,38,0,1
CAL-0423,Perry,Penman,1992-05-15,77,213,L,L,CF,,0,,,48,48,62,46,52,53,64,50,42,57,,,,,,,,,,,,73,0,1
CAL-0424,Emil,Makinson,2002-03-15,75,238,S,R,RF,,0,,,51,50,42,49,52,60,43,50,47,71,,,,,,,,,,,,67,0,1
CAL-0425,Vaughn,Fikes,1994-06-15,71,220,L,L,DH,,0,,,49,56,49,55,52,56,40,50,40,41,,,,,,,,,,,,66,0,1
CAL-0426,Darrel,Mickenheim,1991-02-15,73,225,R,R,C,,0,,,44,44,31,41,51,54,60,50,52,61,,,,,,,,,,,,57,0,1
CAL-0427,Mac,Sokorai,2002-06-15,74,176,L,L,2B,"SS,3B",0,,,49,41,47,44,49,45,58,50,54,49,,,,,,,,,,,,73,0,1
CAL-0428,Nathan,Turpiano,2000-01-15,76,207,L,L,CF,"LF,RF",0,,,45,42,56,49,50,53,55,50,65,38,,,,,,,,,,,,65,0,1
CAL-0429,Vaughn,Reasner,1992-02-15,76,212,L,L,1B,DH,0,,,44,47,39,45,46,49,53,50,50,39,,,,,,,,,,,,66,0,1
CAL-0430,Gil,Schermer,1991-08-15,74,214,R,R,P,,1,SP,SP,,,,,55,,47,,38,61,51,50,53,48,64,54,,,33,,,67,0,1
CAL-0431,Elias,Bartnick,1998-01-15,69,185,R,R,P,,1,SP,SP,,,,,51,,54,,43,62,70,41,53,40,58,74,,52,,,,65,0,1
CAL-0432,Darren,Bolieu,2002-06-15,74,199,L,L,P,,1,SP,SP,,,,,40,,45,,36,51,60,54,48,32,49,47,,45,,,,55,0,1
CAL-0433,Rhett,Greinke,2000-08-15,72,199,R,R,P,,1,SP,SP,,,,,61,,56,,57,47,54,50,56,57,56,59,,,64,,,74,0,1
CAL-0434,Nicholas,Hamling,2000-07-15,72,201,L,L,P,,1,SP,SP,,,,,63,,63,,48,59,37,52,57,48,66,38,,50,,,,66,0,1
CAL-0435,Fred,Knous,2001-09-15,72,228,R,R,P,,1,RP,CL,,,,,44,,44,,49,58,25,46,60,34,38,54,,,69,,,59,0,1
CAL-0436,Shirley,Yokota,1997-07-15,72,213,R,R,P,,1,RP,SU,,,,,60,,53,,49,61,39,58,54,25,63,48,,71,,,,39,0,1
CAL-0437,Tyrone,Roehrman,1992-03-15,70,210,R,R,P,,1,RP,SU,,,,,50,,53,,40,61,27,49,63,35,46,64,,,48,,,55,0,1
CAL-0438,Isaias,Kolo,2003-03-15,74,204,R,R,P,,1,RP,MR,,,,,47,,39,,30,48,43,51,53,40,53,71,,,57,,,51,0,1
CAL-0439,Cyrus,Giacomo,1992-07-15,74,203,L,L,P,,1,RP,MR,,,,,57,,40,,53,59,49,63,55,59,67,41,,,59,,,57,0,1
CAL-0440,Norbert,Stehly,1995-06-15,70,226,L,L,P,,1,RP,MR,,,,,53,,55,,46,51,26,51,52,39,63,39,,,52,,,55,0,1
CAL-0441,Bernard,Mcmickle,1992-09-15,72,234,R,R,P,,1,RP,MR,,,,,55,,56,,47,48,34,48,48,54,67,57,,,48,,,71,0,1
CAL-0442,Forrest,Moree,1991-01-15,73,184,R,R,P,,1,RP,LR,,,,,54,,43,,59,61,53,54,44,51,58,,65,54,,,,26,0,1
CAL-0443,Leonardo,Nyswonger,1993-06-15,71,235,L,L,C,,0,,,47,45,45,44,52,58,55,50,66,67,,,,,,,,,,,,47,0,1
CAL-0444,Anibal,Anspaugh,2000-09-15,74,223,L,L,1B,,0,,,50,58,41,51,53,44,57,50,41,57,,,,,,,,,,,,59,0,1
CAL-0445,Marlon,Beesmer,1993-04-15,75,201,R,R,2B,,0,,,56,45,56,50,44,53,48,50,57,46,,,,,,,,,,,,63,0,1
CAL-0446,Ezekiel,Pfoutz,1998-05-15,75,196,S,R,3B,,0,,,47,48,51,49,53,49,41,50,55,53,,,,,,,,,,,,65,0,1
CAL-0447,Jonah,Ebbing,1993-01-15,75,210,R,R,SS,,0,,,48,44,48,47,54,59,49,50,55,57,,,,,,,,,,,,54,0,1
CAL-0448,Waldo,Rapaport,2003-07-15,72,223,L,L,LF,,0,,,55,51,52,53,53,66,47,50,57,39,,,,,,,,,,,,66,0,1
CAL-0449,Sidney,Haydt,2001-06-15,76,229,R,R,CF,,0,,,49,52,64,51,46,55,44,50,50,46,,,,,,,,,,,,49,0,1
CAL-0450,Hunter,Macura,2001-03-15,74,218,R,R,RF,,0,,,54,51,45,54,46,47,42,50,59,52,,,,,,,,,,,,80,0,1
CAL-0451,Sung,Gossage,2001-01-15,76,208,L,L,DH,,0,,,52,60,36,51,50,61,64,50,48,52,,,,,,,,,,,,68,0,1
CAL-0452,Lazaro,Farney,1992-02-15,73,205,L,L,C,,0,,,44,41,36,46,47,55,45,50,57,41,,,,,,,,,,,,58,0,1
CAL-0453,Henry,Hulton,2002-06-15,74,188,R,R,2B,"SS,3B",0,,,44,43,51,43,53,47,55,50,47,53,,,,,,,,,,,,84,0,1
CAL-0454,Ethan,Ruberti,1993-03-15,76,207,L,L,CF,"LF,RF",0,,,46,44,51,42,51,55,47,50,50,54,,,,,,,,,,,,66,0,1
CAL-0455,Leon,Candela,1998-06-15,74,236,L,L,1B,DH,0,,,48,46,41,45,48,49,47,50,55,47,,,,,,,,,,,,57,0,1
CAL-0456,Santiago,Thu,1999-08-15,72,225,R,R,P,,1,SP,SP,,,,,48,,54,,54,53,41,46,53,57,65,69,,38,,,,75,0,1
CAL-0457,Dale,Maobi,2001-04-15,75,213,R,R,P,,1,SP,SP,,,,,46,,51,,56,47,66,48,54,68,54,53,,56,,,,67,0,1
CAL-0458,Graig,Fullenwider,2000-08-15,73,157,R,R,P,,1,SP,SP,,,,,63,,48,,51,54,49,52,52,64,72,58,,,51,,,64,0,1
CAL-0459,Elliott,Coulas,1993-01-15,72,194,R,R,P,,1,SP,SP,,,,,66,,45,,39,52,60,56,47,51,48,56,,56,,,,44,0,1
CAL-0460,Kyle,Highley,2000-02-15,75,207,R,R,P,,1,SP,SP,,,,,53,,39,,64,56,50,53,50,38,52,63,,,37,,,48,0,1
CAL-0461,Bobby,Cavalieri,1999-05-15,70,205,L,L,P,,1,RP,CL,,,,,62,,59,,40,64,39,52,54,68,64,,43,53,,,,56,0,1
CAL-0462,Albert,Pastrana,1998-07-15,76,197,R,R,P,,1,RP,SU,,,,,54,,46,,49,62,27,45,55,40,69,,49,50,,,,57,0,1
CAL-0463,Grant,Akwei,2000-04-15,70,221,R,R,P,,1,RP,SU,,,,,40,,53,,49,71,31,46,54,53,70,44,,55,,,,75,0,1
CAL-0464,Elvis,Airhart,1998-01-15,74,202,L,L,P,,1,RP,MR,,,,,57,,57,,46,47,43,61,41,65,77,59,,36,,,,49,0,1
CAL-0465,Dudley,Myre,2003-04-15,71,209,R,R,P,,1,RP,MR,,,,,53,,43,,47,55,37,60,47,57,66,,41,50,,,,48,0,1
CAL-0466,Boyce,Debelak,2002-04-15,73,204,R,R,P,,1,RP,MR,,,,,61,,40,,57,55,36,51,41,52,76,,45,58,,,,72,0,1
CAL-0467,Nathan,Pikey,1996-05-15,72,222,L,L,P,,1,RP,MR,,,,,51,,41,,57,42,25,47,52,27,74,57,,,54,,,35,0,1
CAL-0468,Leandro,Nisbet,1994-08-15,72,227,R,R,P,,1,RP,LR,,,,,42,,62,,58,47,55,49,49,51,68,,70,53,,,,66,0,1
CAL-0469,Eddie,Mapa,1991-07-15,72,204,R,R,C,,0,,,46,47,38,45,48,64,37,50,64,56,,,,,,,,,,,,56,0,1
CAL-0470,Harold,Raposo,2001-05-15,73,207,R,R,1B,,0,,,53,54,45,52,47,61,58,50,69,45,,,,,,,,,,,,46,0,1
CAL-0471,Noble,Wilcox,1996-09-15,72,210,L,L,2B,,0,,,51,47,54,50,53,63,34,50,67,54,,,,,,,,,,,,57,0,1
CAL-0472,Gregorio,Didonatis,1995-04-15,74,205,L,L,3B,,0,,,49,46,46,53,50,59,49,50,57,43,,,,,,,,,,,,37,0,1
CAL-0473,Erasmo,Hataway,1993-04-15,73,216,L,L,SS,,0,,,53,52,56,49,51,59,65,50,59,62,,,,,,,,,,,,58,0,1
CAL-0474,Jaime,Harriet,1997-07-15,74,201,L,L,LF,,0,,,52,52,46,51,56,60,59,50,55,53,,,,,,,,,,,,57,0,1
CAL-0475,Victor,Kardux,1994-08-15,79,220,R,R,CF,,0,,,48,48,52,50,48,59,48,50,54,55,,,,,,,,,,,,53,0,1
CAL-0476,Jermaine,Fliger,1996-02-15,74,219,R,R,RF,,0,,,50,53,50,52,50,55,41,50,45,53,,,,,,,,,,,,67,0,1
CAL-0477,Harland,Bolay,2002-05-15,72,206,R,R,DH,,0,,,54,51,46,54,54,62,32,50,31,42,,,,,,,,,,,,46,0,1
CAL-0478,Arnold,Patts,1998-02-15,70,214,R,R,C,,0,,,44,48,37,39,56,55,50,50,53,51,,,,,,,,,,,,42,0,1
CAL-0479,Jeramy,Canterbury,2002-05-15,71,210,L,L,2B,"SS,3B",0,,,48,39,46,39,47,59,52,50,63,32,,,,,,,,,,,,68,0,1
CAL-0480,Emmanuel,Crew,1994-04-15,73,205,R,R,CF,"LF,RF",0,,,45,39,49,46,44,53,41,50,43,65,,,,,,,,,,,,74,0,1
CAL-0481,Jamel,Gersten,1992-08-15,74,205,L,L,1B,DH,0,,,44,47,39,46,53,52,68,50,33,49,,,,,,,,,,,,62,0,1
CAL-0482,Aaron,Maire,1991-08-15,69,212,R,R,P,,1,SP,SP,,,,,46,,43,,54,54,53,39,41,66,49,52,,25,,,,40,0,1
CAL-0483,Gabriel,Deist,1998-02-15,73,202,R,R,P,,1,SP,SP,,,,,51,,51,,63,51,47,54,53,40,78,45,,,51,,,61,0,1
CAL-0484,Jeffery,Childres,1994-04-15,71,209,R,R,P,,1,SP,SP,,,,,48,,50,,54,54,61,50,48,48,46,56,,,53,,,66,0,1
CAL-0485,Elijah,Lubrano,1999-07-15,75,197,R,R,P,,1,SP,SP,,,,,39,,41,,53,46,47,63,52,54,56,,48,54,,,,64,0,1
CAL-0486,Vernon,Timmermans,1992-06-15,74,180,R,R,P,,1,SP,SP,,,,,45,,42,,33,57,70,45,49,45,50,,47,63,,,,69,0,1
CAL-0487,Phillip,Kaaz,1997-06-15,71,189,R,R,P,,1,RP,CL,,,,,54,,50,,60,67,25,59,63,52,61,53,,55,,,,61,0,1
CAL-0488,Thurman,Ricotta,1997-03-15,74,198,R,R,P,,1,RP,SU,,,,,46,,40,,51,61,25,51,62,52,58,44,,64,,,,53,0,1
CAL-0489,Willie,Settlemire,2002-08-15,74,203,R,R,P,,1,RP,SU,,,,,57,,36,,52,67,25,48,49,56,70,,43,55,,,,71,0,1
CAL-0490,Sammy,Breshears,2000-06-15,73,192,L,L,P,,1,RP,MR,,,,,52,,53,,69,42,25,54,46,34,63,49,,54,,,,69,0,1
CAL-0491,Irvin,Laspina,1999-05-15,75,181,L,L,P,,1,RP,MR,,,,,50,,54,,57,43,27,55,54,51,68,62,,40,,,,67,0,1
CAL-0492,Shane,Corren,1993-02-15,75,189,R,R,P,,1,RP,MR,,,,,55,,40,,47,53,28,48,56,40,56,48,,,39,,,43,0,1
CAL-0493,Albert,Roszel,2001-09-15,69,200,R,R,P,,1,RP,MR,,,,,62,,66,,54,56,38,57,58,66,70,,55,48,,,,67,0,1
CAL-0494,Thurman,Tuft,2002-03-15,74,196,L,L,P,,1,RP,LR,,,,,43,,51,,55,62,66,48,47,40,60,,37,73,,,,60,0,1
CAL-0495,Eloy,Dickinson,1997-06-15,74,198,L,L,C,,0,,,44,48,39,47,49,45,58,50,51,61,,,,,,,,,,,,54,0,1
CAL-0496,Garrett,Ortea,1993-01-15,71,204,R,R,1B,,0,,,51,55,39,51,47,54,48,50,47,51,,,,,,,,,,,,70,0,1
CAL-0497,Hyman,Stepanian,1992-07-15,74,192,S,R,2B,,0,,,53,48,53,52,51,61,48,50,54,52,,,,,,,,,,,,36,0,1
CAL-0498,Brock,Huttle,1998-04-15,74,190,R,R,3B,,0,,,46,45,53,54,50,60,55,50,60,53,,,,,,,,,,,,59,0,1
CAL-0499,Pasquale,Pautler,1997-04-15,68,209,R,R,SS,,0,,,54,47,47,48,49,59,34,50,61,68,,,,,,,,,,,,52,0,1
CAL-0500,Young,Quicksall,1997-01-15,75,191,L,L,LF,,0,,,52,55,54,44,47,53,42,50,39,47,,,,,,,,,,,,63,0,1
CAL-0501,Korey,Sosinski,2003-02-15,71,204,S,R,CF,,0,,,54,50,61,48,51,59,57,50,46,46,,,,,,,,,,,,65,0,1
CAL-0502,Tim,Said,1995-02-15,75,210,R,R,RF,,0,,,50,51,44,53,47,59,35,50,39,47,,,,,,,,,,,,65,0,1
CAL-0503,Carroll,Kallman,2001-01-15,72,176,L,L,DH,,0,,,47,51,34,53,49,62,48,50,30,44,,,,,,,,,,,,58,0,1
CAL-0504,Jeffry,Eisentrout,2001-08-15,75,199,R,R,C,,0,,,44,49,35,38,44,54,44,50,42,58,,,,,,,,,,,,65,0,1
CAL-0505,Christopher,Barrio,1992-05-15,74,190,R,R,2B,"SS,3B",0,,,45,37,46,48,47,52,56,50,69,59,,,,,,,,,,,,77,0,1
CAL-0506,Samual,Pulkrabek,1998-03-15,72,182,R,R,CF,"LF,RF",0,,,45,45,53,43,51,50,49,50,60,51,,,,,,,,,,,,59,0,1
CAL-0507,Wiley,Kochan,1998-05-15,75,183,R,R,1B,DH,0,,,48,53,39,45,53,54,45,50,52,63,,,,,,,,,,,,56,0,1
CAL-0508,Noble,Shure,2003-02-15,71,210,R,R,P,,1,SP,SP,,,,,54,,52,,60,50,62,53,53,50,56,48,,45,,,,58,0,1
CAL-0509,Osvaldo,Rennell,2002-02-15,76,200,R,R,P,,1,SP,SP,,,,,40,,31,,57,52,55,58,51,61,68,,43,52,,,,59,0,1
CAL-0510,Theodore,Caplin,1998-09-15,71,207,R,R,P,,1,SP,SP,,,,,46,,43,,62,47,55,50,49,63,57,,40,44,,,,79,0,1
CAL-0511,Marlon,Nygaro,1997-03-15,71,227,R,R,P,,1,SP,SP,,,,,66,,30,,54,59,44,59,56,38,58,54,,,54,,,56,0,1
CAL-0512,Woodrow,Arnett,2000-04-15,73,217,R,R,P,,1,SP,SP,,,,,49,,60,,65,49,55,54,51,44,80,47,,,63,,,60,0,1
CAL-0513,Sheldon,Ficker,1996-06-15,73,196,L,L,P,,1,RP,CL,,,,,44,,53,,44,63,39,44,60,59,66,,67,51,,,,40,0,1
CAL-0514,Mitchell,Sleeper,1998-09-15,75,233,R,R,P,,1,RP,SU,,,,,34,,60,,62,63,25,57,54,51,64,56,,48,,,,72,0,1
CAL-0515,Ira,Zehr,1994-01-15,72,211,L,L,P,,1,RP,SU,,,,,42,,54,,45,65,33,47,57,38,71,60,,49,,,,65,0,1
CAL-0516,Blair,Shelmon,1991-02-15,72,211,L,L,P,,1,RP,MR,,,,,65,,44,,43,58,34,40,58,48,62,,51,55,,,,48,0,1
CAL-0517,Arlen,Okazaki,1996-06-15,73,200,R,R,P,,1,RP,MR,,,,,57,,50,,47,54,36,47,44,40,52,,58,45,,,,67,0,1
CAL-0518,Brett,Willibrand,2000-05-15,72,204,R,R,P,,1,RP,MR,,,,,58,,54,,54,44,33,49,50,61,44,44,,55,,,,63,0,1
CAL-0519,Aldo,Kasula,1996-05-15,68,208,L,L,P,,1,RP,MR,,,,,35,,45,,64,53,36,51,53,40,45,,61,54,,,,46,0,1
CAL-0520,Elroy,Silk,1996-02-15,71,182,R,R,P,,1,RP,LR,,,,,54,,60,,64,56,57,53,50,35,65,46,,45,,,,61,0,1
CAL-0521,Lesley,Derck,1991-02-15,70,190,S,R,C,,0,,,44,46,40,46,50,50,43,50,45,56,,,,,,,,,,,,70,0,1
CAL-0522,Santos,Casparis,2000-09-15,74,213,R,R,1B,,0,,,49,58,41,54,50,58,49,50,44,51,,,,,,,,,,,,57,0,1
CAL-0523,Tristan,Sautner,1997-03-15,73,219,L,L,2B,,0,,,58,42,52,46,50,54,38,50,48,58,,,,,,,,,,,,57,0,1
CAL-0524,Sung,Nevel,2002-08-15,75,206,R,R,3B,,0,,,47,52,49,49,47,55,69,50,32,60,,,,,,,,,,,,60,0,1
CAL-0525,Freddie,Goodier,1996-04-15,74,180,R,R,SS,,0,,,50,45,57,49,45,52,57,50,54,60,,,,,,,,,,,,74,0,1
CAL-0526,Isaias,Santheson,1994-05-15,78,189,S,R,LF,,0,,,50,48,49,48,50,57,59,50,42,45,,,,,,,,,,,,59,0,1
CAL-0527,Branden,Pana,1995-06-15,73,218,L,L,CF,,0,,,52,42,61,48,54,39,43,50,52,61,,,,,,,,,,,,58,0,1
CAL-0528,Neal,Severa,2000-06-15,75,212,R,R,RF,,0,,,54,51,50,52,51,58,40,50,57,48,,,,,,,,,,,,59,0,1
CAL-0529,Fidel,Werle,2000-05-15,70,186,L,L,DH,,0,,,54,53,39,53,52,57,46,50,55,53,,,,,,,,,,,,58,0,1
CAL-0530,Willie,Gelabert,1991-09-15,73,201,R,R,C,,0,,,47,38,33,41,50,66,52,50,48,47,,,,,,,,,,,,70,0,1
CAL-0531,Federico,Meger,1991-04-15,73,197,L,L,2B,"SS,3B",0,,,45,42,50,44,49,45,45,50,51,52,,,,,,,,,,,,57,0,1
CAL-0532,Tyrell,Tarbet,2003-04-15,72,194,R,R,CF,"LF,RF",0,,,47,41,54,42,50,48,52,50,49,63,,,,,,,,,,,,49,0,1
CAL-0533,Loyd,Jin,2002-09-15,72,203,R,R,1B,DH,0,,,48,48,36,54,49,65,39,50,47,41,,,,,,,,,,,,45,0,1
CAL-0534,Valentin,Perla,1991-07-15,73,209,R,R,P,,1,SP,SP,,,,,44,,42,,46,55,63,58,50,55,57,50,,45,,,,78,0,1
CAL-0535,Donn,Camilleri,1997-01-15,72,199,R,R,P,,1,SP,SP,,,,,68,,58,,40,47,54,59,62,45,43,,65,60,,,,45,0,1
CAL-0536,Leroy,Trolio,1994-06-15,71,181,R,R,P,,1,SP,SP,,,,,70,,49,,49,51,62,51,57,44,68,,62,56,,,,55,0,1
CAL-0537,Julian,Hurlbut,2001-04-15,71,209,R,R,P,,1,SP,SP,,,,,51,,70,,42,46,67,61,58,51,51,,59,50,,,,52,0,1
CAL-0538,Buster,Carlyon,1996-02-15,73,198,R,R,P,,1,SP,SP,,,,,49,,40,,48,55,53,56,61,39,51,,57,47,,,,45,0,1
CAL-0539,Hector,Sattlefield,1992-02-15,71,210,R,R,P,,1,RP,CL,,,,,36,,52,,56,67,32,43,60,31,50,,51,47,,,,64,0,1
CAL-0540,Scot,Celmer,1994-03-15,73,193,R,R,P,,1,RP,SU,,,,,57,,48,,56,58,32,43,59,34,58,47,,,61,,,68,0,1
CAL-0541,Sol,Mcanally,1991-05-15,74,192,R,R,P,,1,RP,SU,,,,,55,,53,,44,62,31,52,55,42,61,,57,58,,,,62,0,1
CAL-0542,Elvis,Hackner,1998-01-15,74,200,R,R,P,,1,RP,MR,,,,,58,,57,,44,53,27,48,47,60,56,39,,,54,,,62,0,1
CAL-0543,Bo,Aliment,2002-02-15,70,185,L,L,P,,1,RP,MR,,,,,54,,52,,51,57,29,48,49,51,58,,52,43,,,,69,0,1
CAL-0544,Britt,Kant,1994-02-15,75,202,R,R,P,,1,RP,MR,,,,,47,,38,,52,65,35,55,53,59,42,48,,48,,,,68,0,1
CAL-0545,Quentin,Lumbert,1998-07-15,73,214,R,R,P,,1,RP,MR,,,,,54,,72,,50,48,41,50,54,46,59,59,,,53,,,51,0,1
CAL-0546,Joseph,Daleus,1998-03-15,75,194,R,R,P,,1,RP,LR,,,,,50,,33,,34,47,48,45,48,26,38,,56,37,,,,63,0,1
CAL-0547,Jorge,Bastain,1997-01-15,76,195,R,R,C,,0,,,49,50,46,44,51,36,51,50,51,60,,,,,,,,,,,,56,0,1
CAL-0548,Rocky,Stoyanoff,1997-04-15,72,176,L,L,1B,,0,,,49,59,50,46,51,55,54,50,49,54,,,,,,,,,,,,63,0,1
CAL-0549,Pedro,Balmaceda,2003-05-15,72,206,S,R,2B,,0,,,49,47,57,52,55,59,54,50,66,48,,,,,,,,,,,,55,0,1
CAL-0550,Reinaldo,Skrocki,1994-06-15,75,228,R,R,3B,,0,,,51,52,46,50,50,61,39,50,52,66,,,,,,,,,,,,53,0,1
CAL-0551,Randal,Tuite,2002-06-15,72,219,R,R,SS,,0,,,50,44,54,45,52,51,48,50,56,68,,,,,,,,,,,,45,0,1
CAL-0552,Fletcher,Melara,1998-03-15,73,216,R,R,LF,,0,,,51,55,45,45,47,38,43,50,52,59,,,,,,,,,,,,57,0,1
CAL-0553,Ross,Columbus,2003-06-15,71,183,R,R,CF,,0,,,47,47,61,51,49,57,57,50,50,50,,,,,,,,,,,,73,0,1
CAL-0554,Ezra,Pontes,2003-06-15,73,198,L,L,RF,,0,,,53,56,54,53,47,58,54,50,43,63,,,,,,,,,,,,68,0,1
CAL-0555,Luke,Macpherson,1992-06-15,74,207,R,R,DH,,0,,,51,50,44,58,51,56,50,50,55,56,,,,,,,,,,,,70,0,1
CAL-0556,Dirk,Soley,1995-04-15,75,209,L,L,C,,0,,,44,39,35,45,47,50,52,50,56,65,,,,,,,,,,,,52,0,1
CAL-0557,Luke,Bonifacio,1991-09-15,73,202,R,R,2B,"SS,3B",0,,,45,35,50,46,50,51,46,50,53,31,,,,,,,,,,,,70,0,1
CAL-0558,Hobert,Ceo,1993-06-15,69,201,R,R,CF,"LF,RF",0,,,50,42,55,43,51,46,37,50,48,41,,,,,,,,,,,,54,0,1
CAL-0559,David,Slaght,2003-05-15,73,206,L,L,1B,DH,0,,,44,51,36,49,52,62,48,50,44,55,,,,,,,,,,,,63,0,1
CAL-0560,Markus,Tebay,1991-02-15,72,215,L,L,P,,1,SP,SP,,,,,61,,43,,58,59,64,54,60,56,47,,55,46,,,,60,0,1
CAL-0561,Porfirio,Magdalena,2001-01-15,72,217,R,R,P,,1,SP,SP,,,,,61,,49,,48,61,39,52,47,46,52,,52,55,,,,60,0,1
CAL-0562,Eliseo,Graue,1999-07-15,69,215,R,R,P,,1,SP,SP,,,,,44,,52,,58,56,67,62,50,48,64,49,,55,,,,57,0,1
CAL-0563,Merrill,Mckey,1996-03-15,71,226,R,R,P,,1,SP,SP,,,,,41,,55,,51,52,70,54,35,48,64,,43,51,,,,53,0,1
CAL-0564,Rodolfo,Suffield,1999-03-15,70,201,R,R,P,,1,SP,SP,,,,,37,,41,,49,60,56,48,49,62,53,60,,46,,,,63,0,1
CAL-0565,Vernon,Gervase,1997-08-15,72,225,R,R,P,,1,RP,CL,,,,,40,,65,,37,75,26,53,56,57,49,,65,52,,,,62,0,1
CAL-0566,Isaiah,Stgeorge,2002-05-15,73,218,R,R,P,,1,RP,SU,,,,,49,,34,,58,55,40,46,55,51,75,,49,41,,,,75,0,1
CAL-0567,Hershel,Mazar,1995-02-15,73,203,L,L,P,,1,RP,SU,,,,,37,,63,,54,64,26,49,60,52,61,60,,,54,,,86,0,1
CAL-0568,Millard,Ellerbee,1999-05-15,72,199,R,R,P,,1,RP,MR,,,,,64,,53,,43,49,30,60,61,40,80,56,,,61,,,56,0,1
CAL-0569,Tristan,Laterza,1998-04-15,74,208,R,R,P,,1,RP,MR,,,,,48,,31,,42,56,32,47,54,60,46,45,,,47,,,35,0,1
CAL-0570,Darwin,Ullum,2001-05-15,76,203,R,R,P,,1,RP,MR,,,,,54,,66,,62,65,39,46,45,42,42,,45,55,,,,78,0,1
CAL-0571,Tyree,Struckmann,1994-07-15,75,207,R,R,P,,1,RP,MR,,,,,45,,55,,56,41,28,42,49,55,48,,63,57,,,,66,0,1
CAL-0572,Richie,Rebuldela,1993-03-15,72,178,L,L,P,,1,RP,LR,,,,,59,,60,,38,43,59,46,59,40,42,45,,57,,,,49,0,1
CAL-0573,Dewey,Primozich,2000-04-15,70,227,L,L,C,,0,,,47,48,48,46,53,68,41,50,48,63,,,,,,,,,,,,51,0,1
CAL-0574,Kennith,Nham,1993-04-15,75,190,L,L,1B,,0,,,53,51,46,56,54,57,53,50,69,47,,,,,,,,,,,,59,0,1
CAL-0575,Raul,Hendron,1994-01-15,73,187,L,L,2B,,0,,,48,49,57,52,44,56,54,50,54,56,,,,,,,,,,,,76,0,1
CAL-0576,Graham,Morarity,2001-05-15,73,239,S,R,3B,,0,,,47,51,57,52,50,61,52,50,57,53,,,,,,,,,,,,57,0,1
CAL-0577,Carlton,Brazinski,1995-09-15,74,204,R,R,SS,,0,,,51,48,60,49,53,51,63,50,66,57,,,,,,,,,,,,54,0,1
CAL-0578,Tracey,Bilis,1992-09-15,75,216,L,L,LF,,0,,,47,48,52,50,47,58,55,50,53,49,,,,,,,,,,,,63,0,1
CAL-0579,Mohammad,Muckenfuss,1996-05-15,71,207,R,R,CF,,0,,,53,47,54,47,54,52,49,50,56,57,,,,,,,,,,,,69,0,1
CAL-0580,Al,Millian,1999-06-15,75,234,R,R,RF,,0,,,48,52,48,49,51,48,47,50,38,53,,,,,,,,,,,,62,0,1
CAL-0581,Bryant,Dusing,2001-06-15,71,183,R,R,DH,,0,,,51,50,53,49,52,48,56,50,41,44,,,,,,,,,,,,59,0,1
CAL-0582,Antione,Chenard,2002-03-15,73,218,L,L,C,,0,,,44,36,38,42,53,62,47,50,61,61,,,,,,,,,,,,36,0,1
CAL-0583,Louis,Loughery,1997-06-15,74,215,S,R,2B,"SS,3B",0,,,44,34,52,41,51,58,56,50,41,52,,,,,,,,,,,,61,0,1
CAL-0584,Wade,Frazer,1993-03-15,76,199,R,R,CF,"LF,RF",0,,,44,42,61,46,50,58,49,50,55,50,,,,,,,,,,,,60,0,1
CAL-0585,Mohammad,Nicholsen,2000-07-15,76,197,R,R,1B,DH,0,,,44,48,42,48,49,51,49,50,60,50,,,,,,,,,,,,44,0,1
CAL-0586,Damion,Levengood,1997-01-15,75,168,L,L,P,,1,SP,SP,,,,,64,,47,,54,55,50,53,44,54,59,44,,53,,,,74,0,1
CAL-0587,Gavin,Demarino,1996-08-15,73,203,R,R,P,,1,SP,SP,,,,,47,,48,,46,59,60,51,45,45,69,50,,56,,,,62,0,1
CAL-0588,Jeffrey,Engler,2001-02-15,73,226,R,R,P,,1,SP,SP,,,,,51,,56,,48,51,40,52,49,55,60,72,,60,,,,62,0,1
CAL-0589,Bernard,Dardenne,1999-09-15,74,192,L,L,P,,1,SP,SP,,,,,42,,37,,48,48,64,51,52,45,51,53,,45,,,,61,0,1
CAL-0590,Hubert,Furlone,1999-02-15,70,198,L,L,P,,1,SP,SP,,,,,58,,51,,49,63,49,50,59,60,62,54,,52,,,,44,0,1
CAL-0591,Oliver,Neubert,2003-04-15,71,206,R,R,P,,1,RP,CL,,,,,48,,58,,52,65,25,48,59,50,66,52,,42,,,,49,0,1
CAL-0592,Minh,Jewkes,2000-09-15,74,216,R,R,P,,1,RP,SU,,,,,46,,52,,48,66,34,51,57,44,73,,55,44,,,,75,0,1
CAL-0593,Leonel,Pastrano,1994-08-15,70,199,R,R,P,,1,RP,SU,,,,,64,,42,,36,65,28,48,57,41,59,68,,52,,,,63,0,1
CAL-0594,Kraig,Innerst,1995-06-15,72,218,R,R,P,,1,RP,MR,,,,,47,,42,,48,46,32,55,46,48,70,,45,61,,,,54,0,1
CAL-0595,Eliseo,Straker,1999-05-15,73,194,R,R,P,,1,RP,MR,,,,,44,,61,,49,55,35,48,53,47,55,61,,,61,,,55,0,1
CAL-0596,Orval,Taecker,2000-03-15,72,189,L,L,P,,1,RP,MR,,,,,49,,58,,45,63,30,43,53,53,63,,52,40,,,,45,0,1
CAL-0597,Willis,Florkowski,1992-08-15,75,190,R,R,P,,1,RP,MR,,,,,47,,42,,52,65,36,59,58,41,58,66,,,48,,,57,0,1
CAL-0598,Pasquale,Lisman,1996-04-15,74,220,R,R,P,,1,RP,LR,,,,,56,,73,,51,48,50,65,55,40,62,50,,,49,,,61,0,1
CAL-0599,Ed,Nilsby,1992-09-15,73,193,R,R,C,,0,,,45,51,47,49,47,54,50,50,46,47,,,,,,,,,,,,54,0,1
CAL-0600,Leroy,Accomando,2002-02-15,71,199,L,L,1B,,0,,,58,53,49,53,51,51,45,50,47,43,,,,,,,,,,,,69,0,1
CAL-0601,Cornelius,Chwieroth,1993-07-15,74,186,R,R,2B,,0,,,56,48,57,52,47,40,55,50,43,38,,,,,,,,,,,,55,0,1
CAL-0602,Darrin,Wiemer,1993-05-15,73,201,L,L,3B,,0,,,51,51,53,52,47,54,58,50,58,53,,,,,,,,,,,,54,0,1
CAL-0603,Lorenzo,Maldanado,1998-06-15,75,207,R,R,SS,,0,,,50,50,50,48,55,53,50,50,68,61,,,,,,,,,,,,62,0,1
CAL-0604,Norberto,Mannschreck,2001-09-15,72,211,L,L,LF,,0,,,55,51,49,51,54,51,54,50,56,49,,,,,,,,,,,,49,0,1
CAL-0605,Elden,Luken,1995-05-15,72,207,L,L,CF,,0,,,51,47,58,55,50,47,54,50,60,54,,,,,,,,,,,,48,0,1
CAL-0606,Clint,Lebeck,1997-04-15,75,210,R,R,RF,,0,,,47,50,51,54,47,53,55,50,53,52,,,,,,,,,,,,55,0,1
CAL-0607,Florencio,Stiteler,1993-08-15,71,169,L,L,DH,,0,,,58,60,36,53,50,59,50,50,36,35,,,,,,,,,,,,57,0,1
CAL-0608,Christian,Boteilho,2000-09-15,76,204,S,R,C,,0,,,48,43,36,43,49,50,51,50,50,53,,,,,,,,,,,,53,0,1
CAL-0609,Marion,Roshannon,2000-01-15,69,206,R,R,2B,"SS,3B",0,,,52,41,42,45,56,59,46,50,49,47,,,,,,,,,,,,71,0,1
CAL-0610,Russell,Sargis,1992-02-15,74,194,L,L,CF,"LF,RF",0,,,45,40,58,41,54,66,57,50,45,54,,,,,,,,,,,,59,0,1
CAL-0611,Loyd,Margheim,1997-04-15,71,204,R,R,1B,DH,0,,,48,50,39,49,41,46,58,50,38,57,,,,,,,,,,,,55,0,1
CAL-0612,Arnulfo,Boreen,1999-08-15,79,181,L,L,P,,1,SP,SP,,,,,62,,49,,46,51,56,52,53,64,47,,47,56,,,,56,0,1
CAL-0613,Moses,Nemerofsky,1999-02-15,77,211,L,L,P,,1,SP,SP,,,,,44,,47,,43,47,60,49,43,53,66,51,,,55,,,61,0,1
CAL-0614,Nathanial,Zacher,2001-03-15,70,204,R,R,P,,1,SP,SP,,,,,52,,56,,62,56,48,45,60,48,58,59,,,54,,,67,0,1
CAL-0615,Abram,Fushimi,1995-05-15,77,200,R,R,P,,1,SP,SP,,,,,52,,53,,61,47,47,55,46,47,61,58,,39,,,,51,0,1
CAL-0616,Danial,Cayton,1991-02-15,73,191,L,L,P,,1,SP,SP,,,,,53,,48,,44,46,59,55,50,64,66,,44,51,,,,67,0,1
CAL-0617,Glen,Stoot,2003-07-15,75,216,L,L,P,,1,RP,CL,,,,,62,,50,,62,70,37,46,65,43,65,,63,42,,,,57,0,1
CAL-0618,Genaro,Gershkovich,1993-02-15,72,213,L,L,P,,1,RP,SU,,,,,44,,65,,58,56,35,50,52,46,58,46,,,48,,,63,0,1
CAL-0619,Sidney,Snodderly,1999-04-15,75,208,R,R,P,,1,RP,SU,,,,,30,,60,,40,63,37,51,61,54,64,55,,,50,,,67,0,1
CAL-0620,Lesley,Rawley,1995-06-15,70,214,R,R,P,,1,RP,MR,,,,,51,,54,,51,53,32,47,54,57,66,54,,46,,,,56,0,1
CAL-0621,Clay,Schabert,1997-08-15,72,217,R,R,P,,1,RP,MR,,,,,48,,58,,52,52,30,51,58,44,52,52,,51,,,,53,0,1
CAL-0622,Julio,Ravetto,1991-03-15,73,197,R,R,P,,1,RP,MR,,,,,44,,51,,36,49,40,40,63,44,52,52,,,48,,,69,0,1
CAL-0623,Clark,Stuble,2000-03-15,74,220,R,R,P,,1,RP,MR,,,,,62,,43,,30,67,29,55,66,50,62,,42,57,,,,53,0,1
CAL-0624,Lauren,Lonzo,1996-06-15,72,218,L,L,P,,1,RP,LR,,,,,54,,51,,43,45,65,54,44,55,52,52,,49,,,,81,0,1
CAL-0625,Lonnie,Zieba,1998-06-15,74,227,S,R,C,,0,,,48,47,44,46,53,53,51,50,52,67,,,,,,,,,,,,59,0,1
CAL-0626,Cameron,Breheny,2003-03-15,71,193,L,L,1B,,0,,,48,53,40,54,50,55,54,50,35,37,,,,,,,,,,,,55,0,1
CAL-0627,Conrad,Kleen,1993-03-15,72,194,S,R,2B,,0,,,51,45,62,51,50,60,39,50,60,54,,,,,,,,,,,,57,0,1
CAL-0628,Linwood,Palacois,1999-04-15,73,196,L,L,3B,,0,,,48,55,53,47,52,71,50,50,52,54,,,,,,,,,,,,69,0,1
CAL-0629,Jesse,Lamoine,1997-09-15,75,215,L,L,SS,,0,,,49,52,52,54,49,50,42,50,55,60,,,,,,,,,,,,66,0,1
CAL-0630,Abel,Kassner,2000-04-15,68,189,R,R,LF,,0,,,49,52,50,56,52,44,62,50,44,42,,,,,,,,,,,,71,0,1
CAL-0631,Nathanael,Parrella,2001-01-15,74,199,R,R,CF,,0,,,50,44,61,51,47,48,56,50,47,59,,,,,,,,,,,,68,0,1
CAL-0632,Andrea,Huettman,2002-03-15,72,199,L,L,RF,,0,,,51,52,50,54,49,57,59,50,60,49,,,,,,,,,,,,64,0,1
CAL-0633,Graham,Slosser,2003-05-15,72,201,R,R,DH,,0,,,51,53,44,57,43,61,54,50,41,48,,,,,,,,,,,,55,0,1
CAL-0634,Adrian,Weiand,2001-06-15,74,196,L,L,C,,0,,,44,35,36,43,55,65,63,50,49,52,,,,,,,,,,,,72,0,1
CAL-0635,Nigel,Doniel,2003-07-15,72,183,R,R,2B,"SS,3B",0,,,46,37,47,45,53,55,45,50,46,62,,,,,,,,,,,,53,0,1
CAL-0636,Shon,Rattay,2002-04-15,68,215,R,R,CF,"LF,RF",0,,,44,40,53,47,44,44,49,50,58,51,,,,,,,,,,,,52,0,1
CAL-0637,Sheldon,Rohlman,1992-08-15,70,182,L,L,1B,DH,0,,,44,50,43,47,49,47,45,50,53,59,,,,,,,,,,,,60,0,1
CAL-0638,Les,Neighbours,1991-02-15,72,200,L,L,P,,1,SP,SP,,,,,62,,54,,59,55,62,55,54,47,58,,53,53,,,,60,0,1
CAL-0639,Adam,Prats,1997-09-15,76,219,R,R,P,,1,SP,SP,,,,,55,,48,,44,53,60,55,54,48,81,50,,41,,,,52,0,1
CAL-0640,Waldo,Amadi,1996-08-15,73,223,L,L,P,,1,SP,SP,,,,,46,,55,,59,53,55,57,54,62,65,46,,59,,,,35,0,1
CAL-0641,Alonso,Zipfel,1999-01-15,74,204,L,L,P,,1,SP,SP,,,,,39,,52,,52,50,57,48,36,51,52,52,,63,,,,63,0,1
CAL-0642,Stanford,Eichner,1995-08-15,75,171,L,L,P,,1,SP,SP,,,,,56,,50,,42,52,56,49,40,49,47,,49,45,,,,49,0,1
CAL-0643,Javier,Kopera,1995-02-15,73,192,R,R,P,,1,RP,CL,,,,,61,,49,,45,72,32,57,60,52,67,62,,,48,,,78,0,1
CAL-0644,Terrell,Stgeorge,1999-05-15,75,198,L,L,P,,1,RP,SU,,,,,57,,61,,59,71,25,52,55,60,46,,58,47,,,,55,0,1
CAL-0645,Darrin,Kenner,1991-07-15,76,183,L,L,P,,1,RP,SU,,,,,65,,53,,39,54,36,53,60,39,45,,39,51,,,,54,0,1
CAL-0646,Raymond,Eurich,1996-04-15,75,224,L,L,P,,1,RP,MR,,,,,47,,51,,51,65,32,48,58,44,56,,44,64,,,,56,0,1
CAL-0647,Wilmer,Flitton,1995-01-15,75,208,L,L,P,,1,RP,MR,,,,,41,,48,,37,59,25,50,48,58,64,50,,,41,,,73,0,1
CAL-0648,Tyrone,Bielski,2003-07-15,72,200,R,R,P,,1,RP,MR,,,,,49,,57,,42,55,30,48,49,45,33,,63,49,,,,67,0,1
CAL-0649,Ernesto,Mcnee,2003-09-15,71,206,R,R,P,,1,RP,MR,,,,,49,,30,,40,60,40,57,53,47,56,62,,63,,,,85,0,1
CAL-0650,Marty,Veliz,2002-05-15,76,200,R,R,P,,1,RP,LR,,,,,42,,35,,53,54,75,54,44,58,69,48,,,54,,,72,0,1
CAL-0651,Forrest,Cantrelle,1992-02-15,73,230,S,R,C,,0,,,48,51,41,49,55,56,66,50,69,48,,,,,,,,,,,,53,0,1
CAL-0652,Courtney,Shurtleff,1998-09-15,74,192,S,R,1B,,0,,,48,53,36,53,50,46,47,50,64,49,,,,,,,,,,,,78,0,1
CAL-0653,Darius,Demay,1993-07-15,77,213,L,L,2B,,0,,,51,42,46,55,49,54,45,50,39,39,,,,,,,,,,,,68,0,1
CAL-0654,Jed,Sconce,2001-09-15,73,202,L,L,3B,,0,,,51,50,54,42,52,52,40,50,57,53,,,,,,,,,,,,49,0,1
CAL-0655,Ismael,Goodkin,1998-09-15,74,219,L,L,SS,,0,,,52,44,52,43,51,58,53,50,55,42,,,,,,,,,,,,62,0,1
CAL-0656,Ernie,Kascak,1995-08-15,74,194,S,R,LF,,0,,,55,48,50,53,50,60,55,50,46,39,,,,,,,,,,,,37,0,1
CAL-0657,Garry,Ransier,1998-05-15,71,202,L,L,CF,,0,,,57,51,63,55,44,54,41,50,47,33,,,,,,,,,,,,63,0,1
CAL-0658,Sean,Jebb,1992-01-15,72,197,L,L,RF,,0,,,45,58,49,49,51,57,50,50,39,61,,,,,,,,,,,,63,0,1
CAL-0659,Palmer,Sisti,1997-04-15,72,199,R,R,DH,,0,,,56,62,44,55,51,59,48,50,41,37,,,,,,,,,,,,51,0,1
CAL-0660,Bradford,Peck,2000-07-15,71,198,S,R,C,,0,,,44,39,37,41,53,53,47,50,59,70,,,,,,,,,,,,74,0,1
CAL-0661,Minh,Neef,1996-01-15,72,229,R,R,2B,"SS,3B",0,,,46,37,46,39,48,46,59,50,54,43,,,,,,,,,,,,72,0,1
CAL-0662,Ellsworth,Baccam,1995-09-15,76,175,R,R,CF,"LF,RF",0,,,44,40,51,40,50,58,42,50,49,54,,,,,,,,,,,,58,0,1
CAL-0663,Ricardo,Lierz,1994-05-15,73,191,S,R,1B,DH,0,,,44,49,37,45,51,52,56,50,43,45,,,,,,,,,,,,54,0,1
CAL-0664,Kip,Silvestro,1997-01-15,75,215,R,R,P,,1,SP,SP,,,,,64,,49,,48,51,43,47,51,40,63,40,,38,,,,52,0,1
CAL-0665,Bobby,Cuadros,1993-03-15,74,191,R,R,P,,1,SP,SP,,,,,48,,35,,44,51,53,57,52,45,59,,60,63,,,,59,0,1
CAL-0666,Floyd,Coatie,1995-06-15,71,193,R,R,P,,1,SP,SP,,,,,53,,54,,46,50,58,58,54,65,51,,46,55,,,,70,0,1
CAL-0667,Seth,Justman,2000-07-15,76,217,R,R,P,,1,SP,SP,,,,,37,,54,,55,64,58,46,49,41,54,45,,60,,,,64,0,1
CAL-0668,Rex,Vallario,1997-05-15,71,196,R,R,P,,1,SP,SP,,,,,65,,46,,53,56,54,55,56,52,63,,47,51,,,,62,0,1
CAL-0669,Augustus,Chrostowski,1992-06-15,70,169,L,L,P,,1,RP,CL,,,,,49,,54,,65,49,25,48,56,53,47,,54,68,,,,66,0,1
CAL-0670,Faustino,Heimlich,2001-08-15,74,213,R,R,P,,1,RP,SU,,,,,36,,48,,53,65,26,49,55,43,66,,49,59,,,,72,0,1
CAL-0671,Avery,Feth,1995-06-15,74,203,R,R,P,,1,RP,SU,,,,,61,,36,,45,60,34,47,51,48,80,,42,46,,,,45,0,1
CAL-0672,Waldo,Uken,1993-07-15,72,215,R,R,P,,1,RP,MR,,,,,48,,57,,65,47,38,44,42,66,73,,55,44,,,,64,0,1
CAL-0673,Manual,Moxham,1999-09-15,72,206,R,R,P,,1,RP,MR,,,,,51,,52,,53,59,39,48,46,38,64,49,,,70,,,63,0,1
CAL-0674,Joey,Romera,1993-03-15,75,215,R,R,P,,1,RP,MR,,,,,56,,41,,57,58,25,50,61,47,71,,54,49,,,,71,0,1
CAL-0675,Sammie,Trexler,1995-01-15,75,201,L,L,P,,1,RP,MR,,,,,46,,62,,56,52,30,54,58,48,59,,58,50,,,,52,0,1
CAL-0676,Bryant,Forbess,2001-09-15,73,212,R,R,P,,1,RP,LR,,,,,49,,50,,53,41,65,58,53,53,61,,52,61,,,,57,0,1
CAL-0677,Hiram,Meddaugh,1991-06-15,72,202,R,R,C,,0,,,44,50,44,50,52,64,39,50,65,53,,,,,,,,,,,,71,0,1
CAL-0678,Maurice,Schlaefer,1992-07-15,72,221,R,R,1B,,0,,,46,52,38,53,48,57,36,50,53,42,,,,,,,,,,,,75,0,1
CAL-0679,Elias,Einfeldt,2003-03-15,72,224,L,L,2B,,0,,,51,41,51,48,48,63,39,50,56,52,,,,,,,,,,,,65,0,1
CAL-0680,Young,Ginder,1995-08-15,74,190,R,R,3B,,0,,,55,53,45,53,51,59,55,50,51,56,,,,,,,,,,,,64,0,1
CAL-0681,Isaac,Isaman,2002-06-15,71,217,L,L,SS,,0,,,48,49,55,47,50,54,48,50,55,35,,,,,,,,,,,,58,0,1
CAL-0682,Jon,Boltinghouse,1993-09-15,71,215,S,R,LF,,0,,,53,64,51,50,49,51,60,50,40,47,,,,,,,,,,,,67,0,1
CAL-0683,Leo,Kiani,1995-02-15,79,226,L,L,CF,,0,,,48,46,67,54,52,46,52,50,48,47,,,,,,,,,,,,47,0,1
CAL-0684,Monte,Hemond,1997-09-15,74,211,L,L,RF,,0,,,52,52,44,50,51,54,49,50,56,50,,,,,,,,,,,,77,0,1
CAL-0685,Winford,Strack,1996-01-15,75,195,R,R,DH,,0,,,54,58,39,49,51,59,41,50,33,61,,,,,,,,,,,,58,0,1
CAL-0686,Clair,Tota,1998-03-15,72,220,R,R,C,,0,,,45,44,38,38,51,53,62,50,41,50,,,,,,,,,,,,70,0,1
CAL-0687,Cornell,Mckelvin,1999-09-15,75,226,R,R,2B,"SS,3B",0,,,47,40,47,46,51,63,70,50,38,56,,,,,,,,,,,,74,0,1
CAL-0688,Doug,Stastny,2000-05-15,73,215,L,L,CF,"LF,RF",0,,,48,33,57,41,54,51,34,50,62,47,,,,,,,,,,,,45,0,1
CAL-0689,Phillip,Golk,2001-05-15,73,186,L,L,1B,DH,0,,,45,43,36,47,49,55,40,50,56,47,,,,,,,,,,,,48,0,1
CAL-0690,Lawerence,Sarensen,1997-09-15,73,200,R,R,P,,1,SP,SP,,,,,48,,62,,59,46,63,55,49,78,71,47,,68,,,,77,0,1
CAL-0691,Peter,Theaux,1999-09-15,72,222,R,R,P,,1,SP,SP,,,,,47,,46,,62,51,47,60,58,50,73,42,,,60,,,80,0,1
CAL-0692,Vance,Blice,1993-05-15,73,211,R,R,P,,1,SP,SP,,,,,49,,54,,58,39,53,40,53,53,60,,56,51,,,,61,0,1
CAL-0693,Emmanuel,Blasl,2000-03-15,72,225,R,R,P,,1,SP,SP,,,,,56,,41,,49,51,44,54,52,39,81,,42,45,,,,45,0,1
CAL-0694,Damian,Grochmal,2002-06-15,71,202,R,R,P,,1,SP,SP,,,,,43,,37,,55,71,55,56,53,40,64,52,,51,,,,47,0,1
CAL-0695,Elliott,Metsker,1993-02-15,72,224,L,L,P,,1,RP,CL,,,,,43,,36,,43,64,35,52,62,43,55,50,,54,,,,73,0,1
CAL-0696,Lamar,Copp,1994-01-15,76,198,R,R,P,,1,RP,SU,,,,,56,,45,,52,50,35,49,61,35,62,52,,62,,,,56,0,1
CAL-0697,Otto,Treon,1993-04-15,74,195,R,R,P,,1,RP,SU,,,,,45,,55,,60,65,30,52,55,45,54,39,,,54,,,55,0,1
CAL-0698,Lloyd,Mikulich,1997-02-15,72,233,R,R,P,,1,RP,MR,,,,,44,,58,,44,60,35,63,39,38,48,39,,,51,,,60,0,1
CAL-0699,Kory,Pedone,1996-09-15,73,199,L,L,P,,1,RP,MR,,,,,49,,47,,63,59,33,42,55,55,62,49,,55,,,,46,0,1
CAL-0700,Glen,Mcarthur,1994-01-15,75,196,R,R,P,,1,RP,MR,,,,,57,,44,,63,45,32,59,47,45,75,,35,54,,,,48,0,1
CAL-0701,Reginald,Moscovic,2002-08-15,73,217,R,R,P,,1,RP,MR,,,,,58,,38,,49,46,32,52,48,74,62,55,,,58,,,59,0,1
CAL-0702,Santo,Manrriquez,1997-03-15,71,219,L,L,P,,1,RP,LR,,,,,48,,59,,53,59,70,51,47,53,43,,60,52,,,,67,0,1
CAL-0703,Ferdinand,Dederick,1993-02-15,71,191,R,R,C,,0,,,46,46,33,48,44,49,53,50,69,56,,,,,,,,,,,,48,0,1
CAL-0704,Danilo,Cousain,1994-06-15,74,224,L,L,1B,,0,,,46,55,49,56,52,55,54,50,49,59,,,,,,,,,,,,54,0,1
CAL-0705,Lucio,Cordel,1992-06-15,73,216,R,R,2B,,0,,,52,47,49,49,49,62,52,50,50,41,,,,,,,,,,,,74,0,1
CAL-0706,Neil,Hoekman,1999-08-15,73,194,R,R,3B,,0,,,48,57,40,46,53,56,54,50,57,57,,,,,,,,,,,,56,0,1
CAL-0707,Patricia,Schwister,1998-09-15,72,212,L,L,SS,,0,,,50,47,59,48,49,47,53,50,73,63,,,,,,,,,,,,47,0,1
CAL-0708,Sylvester,Soble,2001-04-15,70,199,R,R,LF,,0,,,48,51,42,51,51,56,47,50,44,59,,,,,,,,,,,,64,0,1
CAL-0709,Scot,Crom,2001-02-15,72,210,L,L,CF,,0,,,46,46,56,45,49,53,40,50,55,47,,,,,,,,,,,,66,0,1
CAL-0710,Ignacio,Cardwell,2000-08-15,69,209,L,L,RF,,0,,,44,51,58,51,54,52,48,50,50,63,,,,,,,,,,,,40,0,1
CAL-0711,Steven,Mangrum,2003-09-15,76,213,L,L,DH,,0,,,53,51,45,53,50,49,44,50,25,39,,,,,,,,,,,,72,0,1
CAL-0712,Elvis,Fuhrman,2002-02-15,78,213,R,R,C,,0,,,44,39,31,42,49,56,52,50,64,59,,,,,,,,,,,,66,0,1
CAL-0713,Len,Huseman,1992-06-15,74,213,L,L,2B,"SS,3B",0,,,45,39,39,46,49,56,35,50,50,52,,,,,,,,,,,,50,0,1
CAL-0714,Rosario,Minugh,2003-08-15,74,199,L,L,CF,"LF,RF",0,,,44,43,51,49,50,48,46,50,66,61,,,,,,,,,,,,50,0,1
CAL-0715,Otis,Shira,2000-01-15,75,240,R,R,1B,DH,0,,,44,46,39,47,46,59,44,50,44,56,,,,,,,,,,,,71,0,1
CAL-0716,Orlando,Vaughan,1999-05-15,71,200,R,R,P,,1,SP,SP,,,,,59,,50,,56,55,57,62,50,55,62,44,,48,,,,79,0,1
CAL-0717,Daron,Dejesus,1992-07-15,69,195,R,R,P,,1,SP,SP,,,,,31,,50,,44,48,66,54,62,62,65,,54,60,,,,63,0,1
CAL-0718,Lee,Virgadamo,2002-05-15,73,197,L,L,P,,1,SP,SP,,,,,42,,43,,51,56,61,46,59,35,60,,45,34,,,,42,0,1
CAL-0719,Raymon,Degroff,1991-01-15,70,193,R,R,P,,1,SP,SP,,,,,56,,61,,39,60,45,55,60,52,56,46,,,58,,,83,0,1
CAL-0720,Rodney,Keavney,1991-08-15,72,207,R,R,P,,1,SP,SP,,,,,41,,51,,53,49,45,48,58,45,66,71,,,47,,,50,0,1
CAL-0721,Darnell,Odor,1995-08-15,73,217,R,R,P,,1,RP,CL,,,,,63,,46,,53,62,41,44,50,74,69,52,,60,,,,66,0,1
CAL-0722,Royce,Dorph,1994-09-15,73,195,R,R,P,,1,RP,SU,,,,,48,,46,,40,57,31,48,57,45,43,58,,59,,,,61,0,1
CAL-0723,Travis,Torino,1997-01-15,76,205,L,L,P,,1,RP,SU,,,,,54,,42,,56,55,34,56,53,56,44,69,,53,,,,60,0,1
CAL-0724,Pedro,Cavalaris,1992-09-15,71,159,R,R,P,,1,RP,MR,,,,,37,,41,,50,61,32,51,45,42,72,56,,,45,,,60,0,1
CAL-0725,Roscoe,Hadad,1997-01-15,72,200,R,R,P,,1,RP,MR,,,,,46,,46,,49,51,29,42,52,53,74,52,,41,,,,38,0,1
CAL-0726,Bret,Hemp,2003-05-15,74,204,R,R,P,,1,RP,MR,,,,,50,,57,,35,52,41,45,47,46,60,,62,57,,,,59,0,1
CAL-0727,Jere,Ramal,2000-01-15,76,194,R,R,P,,1,RP,MR,,,,,67,,51,,57,61,38,54,57,45,78,59,,41,,,,54,0,1
CAL-0728,Nathanael,Mellish,1995-05-15,78,219,R,R,P,,1,RP,LR,,,,,48,,49,,62,51,49,52,53,43,39,,47,67,,,,47,0,1
CAL-0729,Damion,Clarity,1995-07-15,75,199,L,L,C,,0,,,51,46,36,49,52,55,42,50,54,66,,,,,,,,,,,,59,0,1
CAL-0730,Santos,Boiser,1992-03-15,71,218,L,L,1B,,0,,,55,58,45,50,51,57,58,50,49,31,,,,,,,,,,,,54,0,1
CAL-0731,Antonio,Tenario,1996-09-15,75,224,R,R,2B,,0,,,48,46,54,55,53,56,59,50,57,52,,,,,,,,,,,,64,0,1
CAL-0732,Val,Meitner,1999-08-15,75,186,R,R,3B,,0,,,50,55,48,49,52,62,50,50,37,67,,,,,,,,,,,,77,0,1
CAL-0733,Mike,Tetter,1996-04-15,73,203,R,R,SS,,0,,,47,47,57,52,50,50,60,50,61,39,,,,,,,,,,,,50,0,1
CAL-0734,Martin,Gowens,1991-05-15,73,212,R,R,LF,,0,,,49,47,48,47,48,60,44,50,49,60,,,,,,,,,,,,69,0,1
CAL-0735,Grant,Tuller,1994-06-15,72,209,L,L,CF,,0,,,50,49,55,55,56,55,44,50,53,57,,,,,,,,,,,,54,0,1
CAL-0736,Ricardo,Vasquez,1995-03-15,71,205,S,R,RF,,0,,,58,52,49,52,51,58,41,50,57,55,,,,,,,,,,,,61,0,1
CAL-0737,Jean,Roffman,2000-03-15,71,209,S,R,DH,,0,,,53,47,42,53,44,59,54,50,58,50,,,,,,,,,,,,47,0,1
CAL-0738,Erik,Kendra,2000-06-15,74,227,R,R,C,,0,,,44,38,41,44,47,48,43,50,61,48,,,,,,,,,,,,68,0,1
CAL-0739,John,Median,1993-04-15,72,230,R,R,2B,"SS,3B",0,,,48,38,51,42,49,59,46,50,47,51,,,,,,,,,,,,54,0,1
CAL-0740,Royce,Arbetman,1992-03-15,72,207,L,L,CF,"LF,RF",0,,,44,44,56,46,51,54,41,50,53,54,,,,,,,,,,,,71,0,1
CAL-0741,Douglas,Boga,1996-09-15,73,189,R,R,1B,DH,0,,,45,51,37,52,48,53,61,50,53,48,,,,,,,,,,,,55,0,1
CAL-0742,Rolland,Zirbel,1996-09-15,73,204,R,R,P,,1,SP,SP,,,,,61,,41,,55,46,54,55,51,59,49,56,,56,,,,61,0,1
CAL-0743,Damian,Witzel,1999-01-15,74,219,R,R,P,,1,SP,SP,,,,,50,,36,,58,48,57,57,50,41,80,49,,53,,,,77,0,1
CAL-0744,Jason,Harpool,1993-03-15,72,210,R,R,P,,1,SP,SP,,,,,60,,53,,44,47,67,56,50,58,70,42,,67,,,,78,0,1
CAL-0745,Cleo,Godek,2001-08-15,73,186,L,L,P,,1,SP,SP,,,,,46,,37,,42,51,41,50,41,44,53,58,,58,,,,64,0,1
CAL-0746,Ervin,Freudenburg,1997-04-15,76,206,L,L,P,,1,SP,SP,,,,,56,,53,,48,52,51,51,49,48,62,,50,57,,,,75,0,1
CAL-0747,Wyatt,Thedford,2000-04-15,74,202,R,R,P,,1,RP,CL,,,,,63,,58,,60,65,26,42,61,43,58,,57,37,,,,50,0,1
CAL-0748,Hunter,Chauncey,2000-06-15,70,209,R,R,P,,1,RP,SU,,,,,52,,36,,41,68,33,52,60,61,62,52,,,43,,,67,0,1
CAL-0749,Guy,Sitko,1991-08-15,73,218,R,R,P,,1,RP,SU,,,,,51,,43,,45,67,25,59,49,56,58,48,,59,,,,52,0,1
CAL-0750,Minh,Rattan,2001-05-15,71,171,R,R,P,,1,RP,MR,,,,,54,,58,,50,37,39,56,56,50,56,,51,49,,,,54,0,1
CAL-0751,Shayne,Silguero,1999-08-15,70,192,R,R,P,,1,RP,MR,,,,,51,,48,,51,45,32,53,54,50,57,,49,52,,,,66,0,1
CAL-0752,Larry,Shifflet,1995-07-15,77,194,L,L,P,,1,RP,MR,,,,,48,,56,,61,52,35,54,58,33,66,50,,52,,,,56,0,1
CAL-0753,Jordon,Bullman,1995-05-15,74,166,R,R,P,,1,RP,MR,,,,,50,,39,,51,56,25,43,51,51,66,38,,,49,,,58,0,1
CAL-0754,Enoch,Arcea,2002-07-15,70,208,L,L,P,,1,RP,LR,,,,,50,,51,,62,33,61,52,50,55,67,,62,53,,,,75,0,1
CAL-0755,Charley,Penird,2001-09-15,73,214,L,L,C,,0,,,44,49,43,47,52,60,36,50,55,64,,,,,,,,,,,,47,0,1
CAL-0756,Theo,Husted,1991-07-15,72,192,R,R,1B,,0,,,52,57,42,54,53,65,49,50,64,47,,,,,,,,,,,,60,0,1
CAL-0757,Titus,Raiden,1992-04-15,72,198,R,R,2B,,0,,,56,46,51,51,49,61,55,50,53,47,,,,,,,,,,,,61,0,1
CAL-0758,Jeffry,Acheampong,1997-08-15,72,204,R,R,3B,,0,,,53,51,53,48,52,58,52,50,42,63,,,,,,,,,,,,54,0,1
CAL-0759,Thanh,Pinley,1994-01-15,75,201,L,L,SS,,0,,,46,49,57,52,49,69,48,50,49,34,,,,,,,,,,,,65,0,1
CAL-0760,Simon,Llarenas,1993-09-15,72,192,L,L,LF,,0,,,53,63,44,54,49,45,44,50,27,39,,,,,,,,,,,,71,0,1
CAL-0761,Dudley,Hojeij,1991-08-15,73,232,L,L,CF,,0,,,49,48,58,54,44,49,61,50,42,49,,,,,,,,,,,,69,0,1
CAL-0762,Malcom,Garra,1997-09-15,73,204,R,R,RF,,0,,,52,49,53,49,51,64,49,50,40,54,,,,,,,,,,,,62,0,1
CAL-0763,Taylor,Mosakowski,1995-08-15,76,205,R,R,DH,,0,,,52,55,44,48,48,60,48,50,37,39,,,,,,,,,,,,70,0,1
CAL-0764,Mohammad,Bingman,1997-09-15,73,205,L,L,C,,0,,,44,43,36,45,49,59,50,50,52,60,,,,,,,,,,,,60,0,1
CAL-0765,Nestor,Stufflebeam,1992-01-15,69,194,L,L,2B,"SS,3B",0,,,46,43,42,42,48,56,54,50,66,56,,,,,,,,,,,,70,0,1
CAL-0766,Claud,Wrubel,1994-04-15,70,195,R,R,CF,"LF,RF",0,,,44,40,51,44,51,62,66,50,43,44,,,,,,,,,,,,66,0,1
CAL-0767,Malcolm,Langness,2000-03-15,74,210,R,R,1B,DH,0,,,44,49,37,46,43,45,69,50,59,38,,,,,,,,,,,,69,0,1
CAL-0768,Eliseo,Heckle,1997-04-15,75,190,R,R,P,,1,SP,SP,,,,,46,,46,,47,66,49,55,53,52,81,50,,,65,,,66,0,1
CAL-0769,Deandre,Flippin,1998-09-15,76,218,R,R,P,,1,SP,SP,,,,,35,,43,,35,60,55,51,51,59,62,58,,,54,,,45,0,1
CAL-0770,Bernardo,Muranaka,1995-07-15,71,214,L,L,P,,1,SP,SP,,,,,36,,57,,39,57,54,52,51,54,60,,51,53,,,,75,0,1
CAL-0771,Clint,Guillory,1991-04-15,71,198,R,R,P,,1,SP,SP,,,,,46,,37,,49,52,37,50,51,66,63,62,,,58,,,48,0,1
CAL-0772,Teodoro,Andrepont,1991-09-15,72,190,R,R,P,,1,SP,SP,,,,,43,,44,,57,53,43,55,44,47,62,,42,47,,,,69,0,1
CAL-0773,Hai,Hermanns,1995-03-15,74,175,R,R,P,,1,RP,CL,,,,,37,,40,,51,67,27,63,63,38,60,46,,46,,,,66,0,1
CAL-0774,Roy,Finau,1994-02-15,71,193,R,R,P,,1,RP,SU,,,,,57,,61,,48,61,30,50,59,59,63,51,,,53,,,64,0,1
CAL-0775,Vincent,Provenzano,1999-04-15,77,209,L,L,P,,1,RP,SU,,,,,38,,51,,40,61,27,49,55,55,56,50,,55,,,,60,0,1
CAL-0776,Lamont,Tiedeman,1998-07-15,71,205,R,R,P,,1,RP,MR,,,,,54,,42,,51,52,25,51,53,53,76,,66,68,,,,51,0,1
CAL-0777,Gustavo,Neehouse,1995-01-15,68,223,R,R,P,,1,RP,MR,,,,,57,,57,,46,52,33,45,55,60,61,48,,40,,,,54,0,1
CAL-0778,Mitch,Washam,1995-01-15,73,216,R,R,P,,1,RP,MR,,,,,39,,49,,48,53,25,55,59,46,63,54,,,50,,,57,0,1
CAL-0779,Felton,Driggars,1993-07-15,73,210,R,R,P,,1,RP,MR,,,,,45,,48,,54,60,33,53,55,45,74,44,,,61,,,42,0,1
CAL-0780,Donny,Laferney,2003-05-15,78,194,R,R,P,,1,RP,LR,,,,,65,,57,,44,60,48,58,51,70,60,,60,65,,,,51,0,1
