P1047,ACT
P2288,ACT
P1500,ACT
P3139,ACT
P3204,ACT
P2341,ACT
P9089,ACT
P4912,ACT
P3001,ACT
P9098,ACT
P8370,ACT
P2356,ACT
P9987,ACT
P8902,ACT
P8247,ACT
P5942,ACT
P6290,ACT
P4482,ACT
P7203,ACT
P1225,ACT
P9844,ACT
P1856,ACT
P1673,ACT
P1167,ACT
P1357,ACT
P1377,AAA
P1811,AAA
P6380,AAA
P4334,AAA
P3744,AAA
P7168,AAA
P1649,AAA
P9850,AAA
P5059,AAA
P9236,AAA
P3418,AAA
P7202,AAA
P8354,AAA
P5917,AAA
P4359,AAA
P2302,LOW
P7554,LOW
P3509,LOW
P4707,LOW
P6202,LOW
P1121,LOW
P6690,LOW
P5217,LOW
P6586,LOW
P4919,LOW
